Region,Month,Inflation,Year,timeDiscrete,Date,GDP_Nominal
Recife (PE),8,0.48,1999,1,1999-08-01,92283.4
Salvador (BA),8,0.44,1999,1,1999-08-01,92283.4
Belo Horizonte (MG),8,0.48,1999,1,1999-08-01,92283.4
Rio de Janeiro (RJ),8,1.03,1999,1,1999-08-01,92283.4
São Paulo (SP),8,0.61,1999,1,1999-08-01,92283.4
Porto Alegre (RS),8,0.54,1999,1,1999-08-01,92283.4
Brasil,8,0.56,1999,1,1999-08-01,92283.4
Recife (PE),9,0.22,1999,2,1999-09-01,90611.8
Salvador (BA),9,0.12,1999,2,1999-09-01,90611.8
Belo Horizonte (MG),9,0.26,1999,2,1999-09-01,90611.8
Rio de Janeiro (RJ),9,0.1,1999,2,1999-09-01,90611.8
São Paulo (SP),9,0.36,1999,2,1999-09-01,90611.8
Porto Alegre (RS),9,0.37,1999,2,1999-09-01,90611.8
Brasil,9,0.31,1999,2,1999-09-01,90611.8
Recife (PE),10,1.1,1999,3,1999-10-01,95872.4
Salvador (BA),10,1.13,1999,3,1999-10-01,95872.4
Belo Horizonte (MG),10,0.82,1999,3,1999-10-01,95872.4
Rio de Janeiro (RJ),10,0.9,1999,3,1999-10-01,95872.4
São Paulo (SP),10,1.42,1999,3,1999-10-01,95872.4
Porto Alegre (RS),10,1.07,1999,3,1999-10-01,95872.4
Brasil,10,1.19,1999,3,1999-10-01,95872.4
Recife (PE),11,0.72,1999,4,1999-11-01,99563.1
Salvador (BA),11,0.72,1999,4,1999-11-01,99563.1
Belo Horizonte (MG),11,0.97,1999,4,1999-11-01,99563.1
Rio de Janeiro (RJ),11,1.17,1999,4,1999-11-01,99563.1
São Paulo (SP),11,0.83,1999,4,1999-11-01,99563.1
Porto Alegre (RS),11,0.89,1999,4,1999-11-01,99563.1
Brasil,11,0.95,1999,4,1999-11-01,99563.1
Recife (PE),12,0.79,1999,5,1999-12-01,98772.5
Salvador (BA),12,0.95,1999,5,1999-12-01,98772.5
Belo Horizonte (MG),12,0.55,1999,5,1999-12-01,98772.5
Rio de Janeiro (RJ),12,0.63,1999,5,1999-12-01,98772.5
São Paulo (SP),12,0.49,1999,5,1999-12-01,98772.5
Porto Alegre (RS),12,0.43,1999,5,1999-12-01,98772.5
Brasil,12,0.6,1999,5,1999-12-01,98772.5
Recife (PE),1,0.43,2000,6,2000-01-01,92576.6
Salvador (BA),1,0.46,2000,6,2000-01-01,92576.6
Belo Horizonte (MG),1,0.92,2000,6,2000-01-01,92576.6
Rio de Janeiro (RJ),1,0.58,2000,6,2000-01-01,92576.6
São Paulo (SP),1,0.67,2000,6,2000-01-01,92576.6
Porto Alegre (RS),1,0.6,2000,6,2000-01-01,92576.6
Brasil,1,0.62,2000,6,2000-01-01,92576.6
Recife (PE),2,0.31,2000,7,2000-02-01,91770.4
Salvador (BA),2,0.26,2000,7,2000-02-01,91770.4
Belo Horizonte (MG),2,0.09,2000,7,2000-02-01,91770.4
Rio de Janeiro (RJ),2,0.26,2000,7,2000-02-01,91770.4
São Paulo (SP),2,-0.23,2000,7,2000-02-01,91770.4
Porto Alegre (RS),2,0.6,2000,7,2000-02-01,91770.4
Brasil,2,0.13,2000,7,2000-02-01,91770.4
Recife (PE),3,0.05,2000,8,2000-03-01,92579.9
Salvador (BA),3,-0.11,2000,8,2000-03-01,92579.9
Belo Horizonte (MG),3,0.09,2000,8,2000-03-01,92579.9
Rio de Janeiro (RJ),3,0.75,2000,8,2000-03-01,92579.9
São Paulo (SP),3,0.14,2000,8,2000-03-01,92579.9
Porto Alegre (RS),3,0.11,2000,8,2000-03-01,92579.9
Brasil,3,0.22,2000,8,2000-03-01,92579.9
Recife (PE),4,0.07,2000,9,2000-04-01,91376.2
Salvador (BA),4,0.29,2000,9,2000-04-01,91376.2
Belo Horizonte (MG),4,0.35,2000,9,2000-04-01,91376.2
Rio de Janeiro (RJ),4,0.45,2000,9,2000-04-01,91376.2
São Paulo (SP),4,0.48,2000,9,2000-04-01,91376.2
Porto Alegre (RS),4,0.52,2000,9,2000-04-01,91376.2
Brasil,4,0.42,2000,9,2000-04-01,91376.2
Recife (PE),5,-0.12,2000,10,2000-05-01,98727
Salvador (BA),5,0.07,2000,10,2000-05-01,98727
Belo Horizonte (MG),5,0.25,2000,10,2000-05-01,98727
Rio de Janeiro (RJ),5,-0.28,2000,10,2000-05-01,98727
São Paulo (SP),5,-0.07,2000,10,2000-05-01,98727
Porto Alegre (RS),5,0.29,2000,10,2000-05-01,98727
Brasil,5,0.01,2000,10,2000-05-01,98727
Recife (PE),6,0.34,2000,11,2000-06-01,102685.4
Salvador (BA),6,0.43,2000,11,2000-06-01,102685.4
Belo Horizonte (MG),6,0.26,2000,11,2000-06-01,102685.4
Rio de Janeiro (RJ),6,0.1,2000,11,2000-06-01,102685.4
São Paulo (SP),6,0.18,2000,11,2000-06-01,102685.4
Porto Alegre (RS),6,0.57,2000,11,2000-06-01,102685.4
Brasil,6,0.23,2000,11,2000-06-01,102685.4
Recife (PE),7,1.09,2000,12,2000-07-01,103410.4
Salvador (BA),7,1.01,2000,12,2000-07-01,103410.4
Belo Horizonte (MG),7,1.6,2000,12,2000-07-01,103410.4
Rio de Janeiro (RJ),7,1.31,2000,12,2000-07-01,103410.4
São Paulo (SP),7,1.75,2000,12,2000-07-01,103410.4
Porto Alegre (RS),7,2,2000,12,2000-07-01,103410.4
Brasil,7,1.61,2000,12,2000-07-01,103410.4
Recife (PE),8,1.27,2000,13,2000-08-01,105177.8
Salvador (BA),8,1.47,2000,13,2000-08-01,105177.8
Belo Horizonte (MG),8,1.13,2000,13,2000-08-01,105177.8
Rio de Janeiro (RJ),8,1.19,2000,13,2000-08-01,105177.8
São Paulo (SP),8,1.38,2000,13,2000-08-01,105177.8
Porto Alegre (RS),8,0.92,2000,13,2000-08-01,105177.8
Brasil,8,1.31,2000,13,2000-08-01,105177.8
Recife (PE),9,0.87,2000,14,2000-09-01,100307.6
Salvador (BA),9,0.19,2000,14,2000-09-01,100307.6
Belo Horizonte (MG),9,0.36,2000,14,2000-09-01,100307.6
Rio de Janeiro (RJ),9,0.1,2000,14,2000-09-01,100307.6
São Paulo (SP),9,0.12,2000,14,2000-09-01,100307.6
Porto Alegre (RS),9,0.06,2000,14,2000-09-01,100307.6
Brasil,9,0.23,2000,14,2000-09-01,100307.6
Recife (PE),10,0.07,2000,15,2000-10-01,106951.1
Salvador (BA),10,0.07,2000,15,2000-10-01,106951.1
Belo Horizonte (MG),10,0.12,2000,15,2000-10-01,106951.1
Rio de Janeiro (RJ),10,0.09,2000,15,2000-10-01,106951.1
São Paulo (SP),10,0.21,2000,15,2000-10-01,106951.1
Porto Alegre (RS),10,-0.08,2000,15,2000-10-01,106951.1
Brasil,10,0.14,2000,15,2000-10-01,106951.1
Recife (PE),11,0.05,2000,16,2000-11-01,107678
Salvador (BA),11,0.24,2000,16,2000-11-01,107678
Belo Horizonte (MG),11,0.13,2000,16,2000-11-01,107678
Rio de Janeiro (RJ),11,1.19,2000,16,2000-11-01,107678
São Paulo (SP),11,0.13,2000,16,2000-11-01,107678
Porto Alegre (RS),11,0.47,2000,16,2000-11-01,107678
Brasil,11,0.32,2000,16,2000-11-01,107678
Recife (PE),12,0.87,2000,17,2000-12-01,105851.6
Salvador (BA),12,0.45,2000,17,2000-12-01,105851.6
Belo Horizonte (MG),12,0.78,2000,17,2000-12-01,105851.6
Rio de Janeiro (RJ),12,1.12,2000,17,2000-12-01,105851.6
São Paulo (SP),12,0.33,2000,17,2000-12-01,105851.6
Porto Alegre (RS),12,0.37,2000,17,2000-12-01,105851.6
Brasil,12,0.59,2000,17,2000-12-01,105851.6
Recife (PE),1,0.07,2001,18,2001-01-01,102530.7
Salvador (BA),1,1.07,2001,18,2001-01-01,102530.7
Belo Horizonte (MG),1,0.53,2001,18,2001-01-01,102530.7
Rio de Janeiro (RJ),1,0.64,2001,18,2001-01-01,102530.7
São Paulo (SP),1,0.25,2001,18,2001-01-01,102530.7
Porto Alegre (RS),1,0.57,2001,18,2001-01-01,102530.7
Brasil,1,0.57,2001,18,2001-01-01,102530.7
Recife (PE),2,0.29,2001,19,2001-02-01,101635.3
Salvador (BA),2,0.58,2001,19,2001-02-01,101635.3
Belo Horizonte (MG),2,0.2,2001,19,2001-02-01,101635.3
Rio de Janeiro (RJ),2,0.52,2001,19,2001-02-01,101635.3
São Paulo (SP),2,0.29,2001,19,2001-02-01,101635.3
Porto Alegre (RS),2,0.35,2001,19,2001-02-01,101635.3
Brasil,2,0.46,2001,19,2001-02-01,101635.3
Recife (PE),3,0.47,2001,20,2001-03-01,108303.8
Salvador (BA),3,0.3,2001,20,2001-03-01,108303.8
Belo Horizonte (MG),3,0.49,2001,20,2001-03-01,108303.8
Rio de Janeiro (RJ),3,0.58,2001,20,2001-03-01,108303.8
São Paulo (SP),3,0.3,2001,20,2001-03-01,108303.8
Porto Alegre (RS),3,0.62,2001,20,2001-03-01,108303.8
Brasil,3,0.38,2001,20,2001-03-01,108303.8
Recife (PE),4,0.82,2001,21,2001-04-01,107572
Salvador (BA),4,0.75,2001,21,2001-04-01,107572
Belo Horizonte (MG),4,1.11,2001,21,2001-04-01,107572
Rio de Janeiro (RJ),4,0.55,2001,21,2001-04-01,107572
São Paulo (SP),4,0.33,2001,21,2001-04-01,107572
Porto Alegre (RS),4,0.8,2001,21,2001-04-01,107572
Brasil,4,0.58,2001,21,2001-04-01,107572
Recife (PE),5,0.35,2001,22,2001-05-01,111202.2
Salvador (BA),5,0.96,2001,22,2001-05-01,111202.2
Belo Horizonte (MG),5,0.34,2001,22,2001-05-01,111202.2
Rio de Janeiro (RJ),5,0.42,2001,22,2001-05-01,111202.2
São Paulo (SP),5,0.28,2001,22,2001-05-01,111202.2
Porto Alegre (RS),5,0.87,2001,22,2001-05-01,111202.2
Brasil,5,0.41,2001,22,2001-05-01,111202.2
Recife (PE),6,0.4,2001,23,2001-06-01,104949.4
Salvador (BA),6,0.36,2001,23,2001-06-01,104949.4
Belo Horizonte (MG),6,0.11,2001,23,2001-06-01,104949.4
Rio de Janeiro (RJ),6,0.3,2001,23,2001-06-01,104949.4
São Paulo (SP),6,0.97,2001,23,2001-06-01,104949.4
Porto Alegre (RS),6,0.29,2001,23,2001-06-01,104949.4
Brasil,6,0.52,2001,23,2001-06-01,104949.4
Recife (PE),7,1.01,2001,24,2001-07-01,110758.9
Salvador (BA),7,1.13,2001,24,2001-07-01,110758.9
Belo Horizonte (MG),7,0.85,2001,24,2001-07-01,110758.9
Rio de Janeiro (RJ),7,0.96,2001,24,2001-07-01,110758.9
São Paulo (SP),7,1.77,2001,24,2001-07-01,110758.9
Porto Alegre (RS),7,0.97,2001,24,2001-07-01,110758.9
Brasil,7,1.33,2001,24,2001-07-01,110758.9
Recife (PE),8,0.74,2001,25,2001-08-01,113064.7
Salvador (BA),8,1.14,2001,25,2001-08-01,113064.7
Belo Horizonte (MG),8,0.73,2001,25,2001-08-01,113064.7
Rio de Janeiro (RJ),8,0.68,2001,25,2001-08-01,113064.7
São Paulo (SP),8,0.67,2001,25,2001-08-01,113064.7
Porto Alegre (RS),8,0.35,2001,25,2001-08-01,113064.7
Brasil,8,0.7,2001,25,2001-08-01,113064.7
Recife (PE),9,0.79,2001,26,2001-09-01,108700.8
Salvador (BA),9,0.93,2001,26,2001-09-01,108700.8
Belo Horizonte (MG),9,0.17,2001,26,2001-09-01,108700.8
Rio de Janeiro (RJ),9,0.26,2001,26,2001-09-01,108700.8
São Paulo (SP),9,0.09,2001,26,2001-09-01,108700.8
Porto Alegre (RS),9,0.3,2001,26,2001-09-01,108700.8
Brasil,9,0.28,2001,26,2001-09-01,108700.8
Recife (PE),10,0.68,2001,27,2001-10-01,116139
Salvador (BA),10,0.94,2001,27,2001-10-01,116139
Belo Horizonte (MG),10,0.86,2001,27,2001-10-01,116139
Rio de Janeiro (RJ),10,0.76,2001,27,2001-10-01,116139
São Paulo (SP),10,0.66,2001,27,2001-10-01,116139
Porto Alegre (RS),10,0.9,2001,27,2001-10-01,116139
Brasil,10,0.83,2001,27,2001-10-01,116139
Recife (PE),11,0.59,2001,28,2001-11-01,117882
Salvador (BA),11,0.9,2001,28,2001-11-01,117882
Belo Horizonte (MG),11,0.37,2001,28,2001-11-01,117882
Rio de Janeiro (RJ),11,1.49,2001,28,2001-11-01,117882
São Paulo (SP),11,0.56,2001,28,2001-11-01,117882
Porto Alegre (RS),11,0.69,2001,28,2001-11-01,117882
Brasil,11,0.71,2001,28,2001-11-01,117882
Recife (PE),12,0.91,2001,29,2001-12-01,113016.7
Salvador (BA),12,0.87,2001,29,2001-12-01,113016.7
Belo Horizonte (MG),12,0.56,2001,29,2001-12-01,113016.7
Rio de Janeiro (RJ),12,1.04,2001,29,2001-12-01,113016.7
São Paulo (SP),12,0.52,2001,29,2001-12-01,113016.7
Porto Alegre (RS),12,0.72,2001,29,2001-12-01,113016.7
Brasil,12,0.65,2001,29,2001-12-01,113016.7
Recife (PE),1,0.48,2002,30,2002-01-01,112374.8
Salvador (BA),1,0.88,2002,30,2002-01-01,112374.8
Belo Horizonte (MG),1,1.17,2002,30,2002-01-01,112374.8
Rio de Janeiro (RJ),1,1.11,2002,30,2002-01-01,112374.8
São Paulo (SP),1,0.19,2002,30,2002-01-01,112374.8
Porto Alegre (RS),1,0.47,2002,30,2002-01-01,112374.8
Brasil,1,0.52,2002,30,2002-01-01,112374.8
Recife (PE),2,0.95,2002,31,2002-02-01,111477.1
Salvador (BA),2,0.14,2002,31,2002-02-01,111477.1
Belo Horizonte (MG),2,0.05,2002,31,2002-02-01,111477.1
Rio de Janeiro (RJ),2,0.37,2002,31,2002-02-01,111477.1
São Paulo (SP),2,0.32,2002,31,2002-02-01,111477.1
Porto Alegre (RS),2,0.37,2002,31,2002-02-01,111477.1
Brasil,2,0.36,2002,31,2002-02-01,111477.1
Recife (PE),3,0.77,2002,32,2002-03-01,118444.7
Salvador (BA),3,0.58,2002,32,2002-03-01,118444.7
Belo Horizonte (MG),3,0.29,2002,32,2002-03-01,118444.7
Rio de Janeiro (RJ),3,0.47,2002,32,2002-03-01,118444.7
São Paulo (SP),3,0.42,2002,32,2002-03-01,118444.7
Porto Alegre (RS),3,1.26,2002,32,2002-03-01,118444.7
Brasil,3,0.6,2002,32,2002-03-01,118444.7
Recife (PE),4,0.82,2002,33,2002-04-01,120385.9
Salvador (BA),4,0.87,2002,33,2002-04-01,120385.9
Belo Horizonte (MG),4,0.99,2002,33,2002-04-01,120385.9
Rio de Janeiro (RJ),4,0.61,2002,33,2002-04-01,120385.9
São Paulo (SP),4,0.8,2002,33,2002-04-01,120385.9
Porto Alegre (RS),4,0.88,2002,33,2002-04-01,120385.9
Brasil,4,0.8,2002,33,2002-04-01,120385.9
Recife (PE),5,-0.03,2002,34,2002-05-01,123552.5
Salvador (BA),5,0.14,2002,34,2002-05-01,123552.5
Belo Horizonte (MG),5,0.3,2002,34,2002-05-01,123552.5
Rio de Janeiro (RJ),5,0.01,2002,34,2002-05-01,123552.5
São Paulo (SP),5,0.34,2002,34,2002-05-01,123552.5
Porto Alegre (RS),5,0.5,2002,34,2002-05-01,123552.5
Brasil,5,0.21,2002,34,2002-05-01,123552.5
Recife (PE),6,0.41,2002,35,2002-06-01,123424.4
Salvador (BA),6,0.87,2002,35,2002-06-01,123424.4
Belo Horizonte (MG),6,0.3,2002,35,2002-06-01,123424.4
Rio de Janeiro (RJ),6,0.7,2002,35,2002-06-01,123424.4
São Paulo (SP),6,0.27,2002,35,2002-06-01,123424.4
Porto Alegre (RS),6,0.22,2002,35,2002-06-01,123424.4
Brasil,6,0.42,2002,35,2002-06-01,123424.4
Recife (PE),7,1.04,2002,36,2002-07-01,126856.6
Salvador (BA),7,1.52,2002,36,2002-07-01,126856.6
Belo Horizonte (MG),7,0.94,2002,36,2002-07-01,126856.6
Rio de Janeiro (RJ),7,0.99,2002,36,2002-07-01,126856.6
São Paulo (SP),7,1.3,2002,36,2002-07-01,126856.6
Porto Alegre (RS),7,1.34,2002,36,2002-07-01,126856.6
Brasil,7,1.19,2002,36,2002-07-01,126856.6
Recife (PE),8,0.91,2002,37,2002-08-01,127800.1
Salvador (BA),8,0.62,2002,37,2002-08-01,127800.1
Belo Horizonte (MG),8,0.64,2002,37,2002-08-01,127800.1
Rio de Janeiro (RJ),8,0.57,2002,37,2002-08-01,127800.1
São Paulo (SP),8,0.66,2002,37,2002-08-01,127800.1
Porto Alegre (RS),8,0.41,2002,37,2002-08-01,127800.1
Brasil,8,0.65,2002,37,2002-08-01,127800.1
Recife (PE),9,0.62,2002,38,2002-09-01,125137.8
Salvador (BA),9,0.94,2002,38,2002-09-01,125137.8
Belo Horizonte (MG),9,0.61,2002,38,2002-09-01,125137.8
Rio de Janeiro (RJ),9,0.74,2002,38,2002-09-01,125137.8
São Paulo (SP),9,0.59,2002,38,2002-09-01,125137.8
Porto Alegre (RS),9,0.79,2002,38,2002-09-01,125137.8
Brasil,9,0.72,2002,38,2002-09-01,125137.8
Recife (PE),10,1.58,2002,39,2002-10-01,133125.4
Salvador (BA),10,1.19,2002,39,2002-10-01,133125.4
Belo Horizonte (MG),10,1.25,2002,39,2002-10-01,133125.4
Rio de Janeiro (RJ),10,1.14,2002,39,2002-10-01,133125.4
São Paulo (SP),10,1.16,2002,39,2002-10-01,133125.4
Porto Alegre (RS),10,1.48,2002,39,2002-10-01,133125.4
Brasil,10,1.31,2002,39,2002-10-01,133125.4
Recife (PE),11,2.97,2002,40,2002-11-01,135966.6
Salvador (BA),11,3.21,2002,40,2002-11-01,135966.6
Belo Horizonte (MG),11,2.58,2002,40,2002-11-01,135966.6
Rio de Janeiro (RJ),11,3.25,2002,40,2002-11-01,135966.6
São Paulo (SP),11,2.88,2002,40,2002-11-01,135966.6
Porto Alegre (RS),11,2.73,2002,40,2002-11-01,135966.6
Brasil,11,3.02,2002,40,2002-11-01,135966.6
Recife (PE),12,2.92,2002,41,2002-12-01,130241.2
Salvador (BA),12,2.37,2002,41,2002-12-01,130241.2
Belo Horizonte (MG),12,1.9,2002,41,2002-12-01,130241.2
Rio de Janeiro (RJ),12,2.28,2002,41,2002-12-01,130241.2
São Paulo (SP),12,1.92,2002,41,2002-12-01,130241.2
Porto Alegre (RS),12,2.02,2002,41,2002-12-01,130241.2
Brasil,12,2.1,2002,41,2002-12-01,130241.2
Recife (PE),1,1.7,2003,42,2003-01-01,127177.5
Salvador (BA),1,2.74,2003,42,2003-01-01,127177.5
Belo Horizonte (MG),1,2.57,2003,42,2003-01-01,127177.5
Rio de Janeiro (RJ),1,2.48,2003,42,2003-01-01,127177.5
São Paulo (SP),1,2.28,2003,42,2003-01-01,127177.5
Porto Alegre (RS),1,2.02,2003,42,2003-01-01,127177.5
Brasil,1,2.25,2003,42,2003-01-01,127177.5
Recife (PE),2,0.53,2003,43,2003-02-01,131373.6
Salvador (BA),2,1.61,2003,43,2003-02-01,131373.6
Belo Horizonte (MG),2,1.19,2003,43,2003-02-01,131373.6
Rio de Janeiro (RJ),2,1.74,2003,43,2003-02-01,131373.6
São Paulo (SP),2,1.61,2003,43,2003-02-01,131373.6
Porto Alegre (RS),2,1.54,2003,43,2003-02-01,131373.6
Brasil,2,1.57,2003,43,2003-02-01,131373.6
Recife (PE),3,1.69,2003,44,2003-03-01,138690.5
Salvador (BA),3,1.19,2003,44,2003-03-01,138690.5
Belo Horizonte (MG),3,1.57,2003,44,2003-03-01,138690.5
Rio de Janeiro (RJ),3,1.04,2003,44,2003-03-01,138690.5
São Paulo (SP),3,1.03,2003,44,2003-03-01,138690.5
Porto Alegre (RS),3,1.59,2003,44,2003-03-01,138690.5
Brasil,3,1.23,2003,44,2003-03-01,138690.5
Recife (PE),4,2.03,2003,45,2003-04-01,141388.1
Salvador (BA),4,0.75,2003,45,2003-04-01,141388.1
Belo Horizonte (MG),4,1.22,2003,45,2003-04-01,141388.1
Rio de Janeiro (RJ),4,1.36,2003,45,2003-04-01,141388.1
São Paulo (SP),4,0.58,2003,45,2003-04-01,141388.1
Porto Alegre (RS),4,1.26,2003,45,2003-04-01,141388.1
Brasil,4,0.97,2003,45,2003-04-01,141388.1
Recife (PE),5,1.82,2003,46,2003-05-01,139605.8
Salvador (BA),5,0.93,2003,46,2003-05-01,139605.8
Belo Horizonte (MG),5,1.37,2003,46,2003-05-01,139605.8
Rio de Janeiro (RJ),5,0.71,2003,46,2003-05-01,139605.8
São Paulo (SP),5,0.39,2003,46,2003-05-01,139605.8
Porto Alegre (RS),5,0.76,2003,46,2003-05-01,139605.8
Brasil,5,0.61,2003,46,2003-05-01,139605.8
Recife (PE),6,-0.27,2003,47,2003-06-01,137993.4
Salvador (BA),6,0.36,2003,47,2003-06-01,137993.4
Belo Horizonte (MG),6,-0.08,2003,47,2003-06-01,137993.4
Rio de Janeiro (RJ),6,-0.03,2003,47,2003-06-01,137993.4
São Paulo (SP),6,-0.15,2003,47,2003-06-01,137993.4
Porto Alegre (RS),6,-0.36,2003,47,2003-06-01,137993.4
Brasil,6,-0.15,2003,47,2003-06-01,137993.4
Recife (PE),7,0.01,2003,48,2003-07-01,145970.6
Salvador (BA),7,0.34,2003,48,2003-07-01,145970.6
Belo Horizonte (MG),7,0.45,2003,48,2003-07-01,145970.6
Rio de Janeiro (RJ),7,0.02,2003,48,2003-07-01,145970.6
São Paulo (SP),7,0.26,2003,48,2003-07-01,145970.6
Porto Alegre (RS),7,0,2003,48,2003-07-01,145970.6
Brasil,7,0.2,2003,48,2003-07-01,145970.6
Recife (PE),8,0.09,2003,49,2003-08-01,144819.4
Salvador (BA),8,0.07,2003,49,2003-08-01,144819.4
Belo Horizonte (MG),8,0.36,2003,49,2003-08-01,144819.4
Rio de Janeiro (RJ),8,0.51,2003,49,2003-08-01,144819.4
São Paulo (SP),8,0.24,2003,49,2003-08-01,144819.4
Porto Alegre (RS),8,0.42,2003,49,2003-08-01,144819.4
Brasil,8,0.34,2003,49,2003-08-01,144819.4
Recife (PE),9,0.87,2003,50,2003-09-01,148559.8
Salvador (BA),9,1.37,2003,50,2003-09-01,148559.8
Belo Horizonte (MG),9,0.81,2003,50,2003-09-01,148559.8
Rio de Janeiro (RJ),9,0.38,2003,50,2003-09-01,148559.8
São Paulo (SP),9,0.84,2003,50,2003-09-01,148559.8
Porto Alegre (RS),9,0.63,2003,50,2003-09-01,148559.8
Brasil,9,0.78,2003,50,2003-09-01,148559.8
Recife (PE),10,0.14,2003,51,2003-10-01,154925.9
Salvador (BA),10,0.19,2003,51,2003-10-01,154925.9
Belo Horizonte (MG),10,0.35,2003,51,2003-10-01,154925.9
Rio de Janeiro (RJ),10,0.2,2003,51,2003-10-01,154925.9
São Paulo (SP),10,0.21,2003,51,2003-10-01,154925.9
Porto Alegre (RS),10,0.36,2003,51,2003-10-01,154925.9
Brasil,10,0.29,2003,51,2003-10-01,154925.9
Recife (PE),11,0.33,2003,52,2003-11-01,153644.4
Salvador (BA),11,0.44,2003,52,2003-11-01,153644.4
Belo Horizonte (MG),11,0.3,2003,52,2003-11-01,153644.4
Rio de Janeiro (RJ),11,0.88,2003,52,2003-11-01,153644.4
São Paulo (SP),11,0.16,2003,52,2003-11-01,153644.4
Porto Alegre (RS),11,0.21,2003,52,2003-11-01,153644.4
Brasil,11,0.34,2003,52,2003-11-01,153644.4
Recife (PE),12,0.66,2003,53,2003-12-01,153801.4
Salvador (BA),12,0.14,2003,53,2003-12-01,153801.4
Belo Horizonte (MG),12,0.55,2003,53,2003-12-01,153801.4
Rio de Janeiro (RJ),12,0.56,2003,53,2003-12-01,153801.4
São Paulo (SP),12,0.44,2003,53,2003-12-01,153801.4
Porto Alegre (RS),12,0.71,2003,53,2003-12-01,153801.4
Brasil,12,0.52,2003,53,2003-12-01,153801.4
Recife (PE),1,0.99,2004,54,2004-01-01,144558.6
Salvador (BA),1,0.82,2004,54,2004-01-01,144558.6
Belo Horizonte (MG),1,0.66,2004,54,2004-01-01,144558.6
Rio de Janeiro (RJ),1,0.86,2004,54,2004-01-01,144558.6
São Paulo (SP),1,0.49,2004,54,2004-01-01,144558.6
Porto Alegre (RS),1,0.67,2004,54,2004-01-01,144558.6
Brasil,1,0.76,2004,54,2004-01-01,144558.6
Recife (PE),2,0.88,2004,55,2004-02-01,142861.3
Salvador (BA),2,0.36,2004,55,2004-02-01,142861.3
Belo Horizonte (MG),2,0.64,2004,55,2004-02-01,142861.3
Rio de Janeiro (RJ),2,0.63,2004,55,2004-02-01,142861.3
São Paulo (SP),2,0.45,2004,55,2004-02-01,142861.3
Porto Alegre (RS),2,0.56,2004,55,2004-02-01,142861.3
Brasil,2,0.61,2004,55,2004-02-01,142861.3
Recife (PE),3,0.69,2004,56,2004-03-01,157363.5
Salvador (BA),3,0.67,2004,56,2004-03-01,157363.5
Belo Horizonte (MG),3,0.68,2004,56,2004-03-01,157363.5
Rio de Janeiro (RJ),3,0.11,2004,56,2004-03-01,157363.5
São Paulo (SP),3,0.49,2004,56,2004-03-01,157363.5
Porto Alegre (RS),3,0.89,2004,56,2004-03-01,157363.5
Brasil,3,0.47,2004,56,2004-03-01,157363.5
Recife (PE),4,0.27,2004,57,2004-04-01,156953.9
Salvador (BA),4,0.11,2004,57,2004-04-01,156953.9
Belo Horizonte (MG),4,0.67,2004,57,2004-04-01,156953.9
Rio de Janeiro (RJ),4,0.06,2004,57,2004-04-01,156953.9
São Paulo (SP),4,0.29,2004,57,2004-04-01,156953.9
Porto Alegre (RS),4,0.66,2004,57,2004-04-01,156953.9
Brasil,4,0.37,2004,57,2004-04-01,156953.9
Recife (PE),5,-0.09,2004,58,2004-05-01,159498.9
Salvador (BA),5,0.18,2004,58,2004-05-01,159498.9
Belo Horizonte (MG),5,0.73,2004,58,2004-05-01,159498.9
Rio de Janeiro (RJ),5,0.45,2004,58,2004-05-01,159498.9
São Paulo (SP),5,0.51,2004,58,2004-05-01,159498.9
Porto Alegre (RS),5,0.89,2004,58,2004-05-01,159498.9
Brasil,5,0.51,2004,58,2004-05-01,159498.9
Recife (PE),6,0.37,2004,59,2004-06-01,165342.2
Salvador (BA),6,0.38,2004,59,2004-06-01,165342.2
Belo Horizonte (MG),6,0.63,2004,59,2004-06-01,165342.2
Rio de Janeiro (RJ),6,0.64,2004,59,2004-06-01,165342.2
São Paulo (SP),6,0.88,2004,59,2004-06-01,165342.2
Porto Alegre (RS),6,0.99,2004,59,2004-06-01,165342.2
Brasil,6,0.71,2004,59,2004-06-01,165342.2
Recife (PE),7,0.56,2004,60,2004-07-01,171370.9
Salvador (BA),7,1.11,2004,60,2004-07-01,171370.9
Belo Horizonte (MG),7,0.69,2004,60,2004-07-01,171370.9
Rio de Janeiro (RJ),7,0.94,2004,60,2004-07-01,171370.9
São Paulo (SP),7,1.19,2004,60,2004-07-01,171370.9
Porto Alegre (RS),7,0.62,2004,60,2004-07-01,171370.9
Brasil,7,0.91,2004,60,2004-07-01,171370.9
Recife (PE),8,0.34,2004,61,2004-08-01,169178.9
Salvador (BA),8,0.26,2004,61,2004-08-01,169178.9
Belo Horizonte (MG),8,0.57,2004,61,2004-08-01,169178.9
Rio de Janeiro (RJ),8,1.09,2004,61,2004-08-01,169178.9
São Paulo (SP),8,0.57,2004,61,2004-08-01,169178.9
Porto Alegre (RS),8,0.4,2004,61,2004-08-01,169178.9
Brasil,8,0.69,2004,61,2004-08-01,169178.9
Recife (PE),9,0.33,2004,62,2004-09-01,164702.5
Salvador (BA),9,0.25,2004,62,2004-09-01,164702.5
Belo Horizonte (MG),9,0.66,2004,62,2004-09-01,164702.5
Rio de Janeiro (RJ),9,0.37,2004,62,2004-09-01,164702.5
São Paulo (SP),9,0.28,2004,62,2004-09-01,164702.5
Porto Alegre (RS),9,0.47,2004,62,2004-09-01,164702.5
Brasil,9,0.33,2004,62,2004-09-01,164702.5
Recife (PE),10,0.09,2004,63,2004-10-01,170536.5
Salvador (BA),10,0.19,2004,63,2004-10-01,170536.5
Belo Horizonte (MG),10,0.34,2004,63,2004-10-01,170536.5
Rio de Janeiro (RJ),10,0.25,2004,63,2004-10-01,170536.5
São Paulo (SP),10,0.58,2004,63,2004-10-01,170536.5
Porto Alegre (RS),10,0.42,2004,63,2004-10-01,170536.5
Brasil,10,0.44,2004,63,2004-10-01,170536.5
Recife (PE),11,0.63,2004,64,2004-11-01,176921.5
Salvador (BA),11,0.62,2004,64,2004-11-01,176921.5
Belo Horizonte (MG),11,0.9,2004,64,2004-11-01,176921.5
Rio de Janeiro (RJ),11,0.5,2004,64,2004-11-01,176921.5
São Paulo (SP),11,0.75,2004,64,2004-11-01,176921.5
Porto Alegre (RS),11,0.52,2004,64,2004-11-01,176921.5
Brasil,11,0.69,2004,64,2004-11-01,176921.5
Recife (PE),12,1.31,2004,65,2004-12-01,178462.4
Salvador (BA),12,0.59,2004,65,2004-12-01,178462.4
Belo Horizonte (MG),12,1.42,2004,65,2004-12-01,178462.4
Rio de Janeiro (RJ),12,0.84,2004,65,2004-12-01,178462.4
São Paulo (SP),12,0.7,2004,65,2004-12-01,178462.4
Porto Alegre (RS),12,1.13,2004,65,2004-12-01,178462.4
Brasil,12,0.86,2004,65,2004-12-01,178462.4
Recife (PE),1,0.42,2005,66,2005-01-01,163540.1
Salvador (BA),1,0.37,2005,66,2005-01-01,163540.1
Belo Horizonte (MG),1,0.51,2005,66,2005-01-01,163540.1
Rio de Janeiro (RJ),1,0.76,2005,66,2005-01-01,163540.1
São Paulo (SP),1,0.53,2005,66,2005-01-01,163540.1
Porto Alegre (RS),1,0.86,2005,66,2005-01-01,163540.1
Brasil,1,0.58,2005,66,2005-01-01,163540.1
Recife (PE),2,0.54,2005,67,2005-02-01,160701.6
Salvador (BA),2,0.79,2005,67,2005-02-01,160701.6
Belo Horizonte (MG),2,0.49,2005,67,2005-02-01,160701.6
Rio de Janeiro (RJ),2,0.5,2005,67,2005-02-01,160701.6
São Paulo (SP),2,0.68,2005,67,2005-02-01,160701.6
Porto Alegre (RS),2,0.54,2005,67,2005-02-01,160701.6
Brasil,2,0.59,2005,67,2005-02-01,160701.6
Recife (PE),3,0.59,2005,68,2005-03-01,175468.7
Salvador (BA),3,-0.15,2005,68,2005-03-01,175468.7
Belo Horizonte (MG),3,0.87,2005,68,2005-03-01,175468.7
Rio de Janeiro (RJ),3,0.29,2005,68,2005-03-01,175468.7
São Paulo (SP),3,0.87,2005,68,2005-03-01,175468.7
Porto Alegre (RS),3,0.48,2005,68,2005-03-01,175468.7
Brasil,3,0.61,2005,68,2005-03-01,175468.7
Recife (PE),4,0.52,2005,69,2005-04-01,177179
Salvador (BA),4,0.22,2005,69,2005-04-01,177179
Belo Horizonte (MG),4,1.25,2005,69,2005-04-01,177179
Rio de Janeiro (RJ),4,1.07,2005,69,2005-04-01,177179
São Paulo (SP),4,0.73,2005,69,2005-04-01,177179
Porto Alegre (RS),4,1.87,2005,69,2005-04-01,177179
Brasil,4,0.87,2005,69,2005-04-01,177179
Recife (PE),5,1.16,2005,70,2005-05-01,177496.7
Salvador (BA),5,1.11,2005,70,2005-05-01,177496.7
Belo Horizonte (MG),5,0.6,2005,70,2005-05-01,177496.7
Rio de Janeiro (RJ),5,0.83,2005,70,2005-05-01,177496.7
São Paulo (SP),5,0.37,2005,70,2005-05-01,177496.7
Porto Alegre (RS),5,0.35,2005,70,2005-05-01,177496.7
Brasil,5,0.49,2005,70,2005-05-01,177496.7
Recife (PE),6,0.23,2005,71,2005-06-01,180881.8
Salvador (BA),6,0.32,2005,71,2005-06-01,180881.8
Belo Horizonte (MG),6,-0.1,2005,71,2005-06-01,180881.8
Rio de Janeiro (RJ),6,-0.1,2005,71,2005-06-01,180881.8
São Paulo (SP),6,-0.02,2005,71,2005-06-01,180881.8
Porto Alegre (RS),6,0.15,2005,71,2005-06-01,180881.8
Brasil,6,-0.02,2005,71,2005-06-01,180881.8
Recife (PE),7,0.44,2005,72,2005-07-01,184073.7
Salvador (BA),7,0.2,2005,72,2005-07-01,184073.7
Belo Horizonte (MG),7,0.5,2005,72,2005-07-01,184073.7
Rio de Janeiro (RJ),7,-0.07,2005,72,2005-07-01,184073.7
São Paulo (SP),7,0.07,2005,72,2005-07-01,184073.7
Porto Alegre (RS),7,0.31,2005,72,2005-07-01,184073.7
Brasil,7,0.25,2005,72,2005-07-01,184073.7
Recife (PE),8,0.01,2005,73,2005-08-01,187246.6
Salvador (BA),8,0.19,2005,73,2005-08-01,187246.6
Belo Horizonte (MG),8,0.28,2005,73,2005-08-01,187246.6
Rio de Janeiro (RJ),8,0.11,2005,73,2005-08-01,187246.6
São Paulo (SP),8,0.01,2005,73,2005-08-01,187246.6
Porto Alegre (RS),8,-0.05,2005,73,2005-08-01,187246.6
Brasil,8,0.17,2005,73,2005-08-01,187246.6
Recife (PE),9,0.48,2005,74,2005-09-01,181538.9
Salvador (BA),9,0.3,2005,74,2005-09-01,181538.9
Belo Horizonte (MG),9,0.32,2005,74,2005-09-01,181538.9
Rio de Janeiro (RJ),9,0.25,2005,74,2005-09-01,181538.9
São Paulo (SP),9,0.47,2005,74,2005-09-01,181538.9
Porto Alegre (RS),9,0.29,2005,74,2005-09-01,181538.9
Brasil,9,0.35,2005,74,2005-09-01,181538.9
Recife (PE),10,1.02,2005,75,2005-10-01,189183
Salvador (BA),10,1.26,2005,75,2005-10-01,189183
Belo Horizonte (MG),10,0.54,2005,75,2005-10-01,189183
Rio de Janeiro (RJ),10,0.34,2005,75,2005-10-01,189183
São Paulo (SP),10,0.92,2005,75,2005-10-01,189183
Porto Alegre (RS),10,0.53,2005,75,2005-10-01,189183
Brasil,10,0.75,2005,75,2005-10-01,189183
Recife (PE),11,0.94,2005,76,2005-11-01,194794.5
Salvador (BA),11,0.67,2005,76,2005-11-01,194794.5
Belo Horizonte (MG),11,0.42,2005,76,2005-11-01,194794.5
Rio de Janeiro (RJ),11,0.88,2005,76,2005-11-01,194794.5
São Paulo (SP),11,0.37,2005,76,2005-11-01,194794.5
Porto Alegre (RS),11,0.26,2005,76,2005-11-01,194794.5
Brasil,11,0.55,2005,76,2005-11-01,194794.5
Recife (PE),12,0.55,2005,77,2005-12-01,198480
Salvador (BA),12,0.36,2005,77,2005-12-01,198480
Belo Horizonte (MG),12,0.4,2005,77,2005-12-01,198480
Rio de Janeiro (RJ),12,0.37,2005,77,2005-12-01,198480
São Paulo (SP),12,0.26,2005,77,2005-12-01,198480
Porto Alegre (RS),12,0.43,2005,77,2005-12-01,198480
Brasil,12,0.36,2005,77,2005-12-01,198480
Recife (PE),1,0.02,2006,78,2006-01-01,185564.8
Salvador (BA),1,0.57,2006,78,2006-01-01,185564.8
Belo Horizonte (MG),1,1.48,2006,78,2006-01-01,185564.8
Rio de Janeiro (RJ),1,0.8,2006,78,2006-01-01,185564.8
São Paulo (SP),1,0.3,2006,78,2006-01-01,185564.8
Porto Alegre (RS),1,0.4,2006,78,2006-01-01,185564.8
Brasil,1,0.59,2006,78,2006-01-01,185564.8
Recife (PE),2,0.58,2006,79,2006-02-01,178482.2
Salvador (BA),2,0.44,2006,79,2006-02-01,178482.2
Belo Horizonte (MG),2,0.55,2006,79,2006-02-01,178482.2
Rio de Janeiro (RJ),2,0.74,2006,79,2006-02-01,178482.2
São Paulo (SP),2,0.34,2006,79,2006-02-01,178482.2
Porto Alegre (RS),2,0.18,2006,79,2006-02-01,178482.2
Brasil,2,0.41,2006,79,2006-02-01,178482.2
Recife (PE),3,0.48,2006,80,2006-03-01,190223.3
Salvador (BA),3,0.55,2006,80,2006-03-01,190223.3
Belo Horizonte (MG),3,0.64,2006,80,2006-03-01,190223.3
Rio de Janeiro (RJ),3,0.18,2006,80,2006-03-01,190223.3
São Paulo (SP),3,0.37,2006,80,2006-03-01,190223.3
Porto Alegre (RS),3,0.52,2006,80,2006-03-01,190223.3
Brasil,3,0.43,2006,80,2006-03-01,190223.3
Recife (PE),4,0.28,2006,81,2006-04-01,185030.6
Salvador (BA),4,0.19,2006,81,2006-04-01,185030.6
Belo Horizonte (MG),4,0.51,2006,81,2006-04-01,185030.6
Rio de Janeiro (RJ),4,0.38,2006,81,2006-04-01,185030.6
São Paulo (SP),4,0.07,2006,81,2006-04-01,185030.6
Porto Alegre (RS),4,0.48,2006,81,2006-04-01,185030.6
Brasil,4,0.21,2006,81,2006-04-01,185030.6
Recife (PE),5,0.36,2006,82,2006-05-01,197874.3
Salvador (BA),5,0.5,2006,82,2006-05-01,197874.3
Belo Horizonte (MG),5,0.02,2006,82,2006-05-01,197874.3
Rio de Janeiro (RJ),5,0.27,2006,82,2006-05-01,197874.3
São Paulo (SP),5,-0.01,2006,82,2006-05-01,197874.3
Porto Alegre (RS),5,0.25,2006,82,2006-05-01,197874.3
Brasil,5,0.1,2006,82,2006-05-01,197874.3
Recife (PE),6,0.21,2006,83,2006-06-01,199071.9
Salvador (BA),6,-0.03,2006,83,2006-06-01,199071.9
Belo Horizonte (MG),6,0.15,2006,83,2006-06-01,199071.9
Rio de Janeiro (RJ),6,-0.33,2006,83,2006-06-01,199071.9
São Paulo (SP),6,-0.3,2006,83,2006-06-01,199071.9
Porto Alegre (RS),6,-0.13,2006,83,2006-06-01,199071.9
Brasil,6,-0.21,2006,83,2006-06-01,199071.9
Recife (PE),7,0.16,2006,84,2006-07-01,206974.4
Salvador (BA),7,-0.18,2006,84,2006-07-01,206974.4
Belo Horizonte (MG),7,0.29,2006,84,2006-07-01,206974.4
Rio de Janeiro (RJ),7,0.38,2006,84,2006-07-01,206974.4
São Paulo (SP),7,0.18,2006,84,2006-07-01,206974.4
Porto Alegre (RS),7,0.2,2006,84,2006-07-01,206974.4
Brasil,7,0.19,2006,84,2006-07-01,206974.4
Recife (PE),8,0.06,2006,85,2006-08-01,209818
Salvador (BA),8,0.04,2006,85,2006-08-01,209818
Belo Horizonte (MG),8,0.16,2006,85,2006-08-01,209818
Rio de Janeiro (RJ),8,0.29,2006,85,2006-08-01,209818
São Paulo (SP),8,0.05,2006,85,2006-08-01,209818
Porto Alegre (RS),8,0.04,2006,85,2006-08-01,209818
Brasil,8,0.05,2006,85,2006-08-01,209818
Recife (PE),9,0.33,2006,86,2006-09-01,201055.4
Salvador (BA),9,0.22,2006,86,2006-09-01,201055.4
Belo Horizonte (MG),9,0.23,2006,86,2006-09-01,201055.4
Rio de Janeiro (RJ),9,0.44,2006,86,2006-09-01,201055.4
São Paulo (SP),9,0.19,2006,86,2006-09-01,201055.4
Porto Alegre (RS),9,0.12,2006,86,2006-09-01,201055.4
Brasil,9,0.21,2006,86,2006-09-01,201055.4
Recife (PE),10,0.23,2006,87,2006-10-01,214271.7
Salvador (BA),10,0.57,2006,87,2006-10-01,214271.7
Belo Horizonte (MG),10,0.27,2006,87,2006-10-01,214271.7
Rio de Janeiro (RJ),10,0.4,2006,87,2006-10-01,214271.7
São Paulo (SP),10,0.3,2006,87,2006-10-01,214271.7
Porto Alegre (RS),10,0.33,2006,87,2006-10-01,214271.7
Brasil,10,0.33,2006,87,2006-10-01,214271.7
Recife (PE),11,0.28,2006,88,2006-11-01,219724.2
Salvador (BA),11,0.25,2006,88,2006-11-01,219724.2
Belo Horizonte (MG),11,0.33,2006,88,2006-11-01,219724.2
Rio de Janeiro (RJ),11,0.15,2006,88,2006-11-01,219724.2
São Paulo (SP),11,0.24,2006,88,2006-11-01,219724.2
Porto Alegre (RS),11,0.09,2006,88,2006-11-01,219724.2
Brasil,11,0.31,2006,88,2006-11-01,219724.2
Recife (PE),12,0.14,2006,89,2006-12-01,221359.3
Salvador (BA),12,0.15,2006,89,2006-12-01,221359.3
Belo Horizonte (MG),12,0.28,2006,89,2006-12-01,221359.3
Rio de Janeiro (RJ),12,0.28,2006,89,2006-12-01,221359.3
São Paulo (SP),12,0.9,2006,89,2006-12-01,221359.3
Porto Alegre (RS),12,0.19,2006,89,2006-12-01,221359.3
Brasil,12,0.48,2006,89,2006-12-01,221359.3
Recife (PE),1,0.43,2007,90,2007-01-01,211130.7
Salvador (BA),1,0.88,2007,90,2007-01-01,211130.7
Belo Horizonte (MG),1,0.65,2007,90,2007-01-01,211130.7
Rio de Janeiro (RJ),1,0.55,2007,90,2007-01-01,211130.7
São Paulo (SP),1,0.55,2007,90,2007-01-01,211130.7
Porto Alegre (RS),1,-0.05,2007,90,2007-01-01,211130.7
Brasil,1,0.44,2007,90,2007-01-01,211130.7
Recife (PE),2,0.54,2007,91,2007-02-01,202704.1
Salvador (BA),2,1.09,2007,91,2007-02-01,202704.1
Belo Horizonte (MG),2,0.51,2007,91,2007-02-01,202704.1
Rio de Janeiro (RJ),2,0.22,2007,91,2007-02-01,202704.1
São Paulo (SP),2,0.44,2007,91,2007-02-01,202704.1
Porto Alegre (RS),2,-0.09,2007,91,2007-02-01,202704.1
Brasil,2,0.44,2007,91,2007-02-01,202704.1
Recife (PE),3,0.41,2007,92,2007-03-01,217588.9
Salvador (BA),3,0.33,2007,92,2007-03-01,217588.9
Belo Horizonte (MG),3,0.55,2007,92,2007-03-01,217588.9
Rio de Janeiro (RJ),3,0.11,2007,92,2007-03-01,217588.9
São Paulo (SP),3,0.28,2007,92,2007-03-01,217588.9
Porto Alegre (RS),3,0.53,2007,92,2007-03-01,217588.9
Brasil,3,0.37,2007,92,2007-03-01,217588.9
Recife (PE),4,0.16,2007,93,2007-04-01,215128.8
Salvador (BA),4,0.17,2007,93,2007-04-01,215128.8
Belo Horizonte (MG),4,0.29,2007,93,2007-04-01,215128.8
Rio de Janeiro (RJ),4,-0.18,2007,93,2007-04-01,215128.8
São Paulo (SP),4,0.23,2007,93,2007-04-01,215128.8
Porto Alegre (RS),4,0.41,2007,93,2007-04-01,215128.8
Brasil,4,0.25,2007,93,2007-04-01,215128.8
Recife (PE),5,0.1,2007,94,2007-05-01,226537.9
Salvador (BA),5,0.25,2007,94,2007-05-01,226537.9
Belo Horizonte (MG),5,0.42,2007,94,2007-05-01,226537.9
Rio de Janeiro (RJ),5,0.15,2007,94,2007-05-01,226537.9
São Paulo (SP),5,0.32,2007,94,2007-05-01,226537.9
Porto Alegre (RS),5,0.49,2007,94,2007-05-01,226537.9
Brasil,5,0.28,2007,94,2007-05-01,226537.9
Recife (PE),6,0.35,2007,95,2007-06-01,228988.6
Salvador (BA),6,0.11,2007,95,2007-06-01,228988.6
Belo Horizonte (MG),6,0.43,2007,95,2007-06-01,228988.6
Rio de Janeiro (RJ),6,0.47,2007,95,2007-06-01,228988.6
São Paulo (SP),6,0.38,2007,95,2007-06-01,228988.6
Porto Alegre (RS),6,0.33,2007,95,2007-06-01,228988.6
Brasil,6,0.28,2007,95,2007-06-01,228988.6
Recife (PE),7,0.28,2007,96,2007-07-01,233824.1
Salvador (BA),7,0.64,2007,96,2007-07-01,233824.1
Belo Horizonte (MG),7,0.54,2007,96,2007-07-01,233824.1
Rio de Janeiro (RJ),7,0.39,2007,96,2007-07-01,233824.1
São Paulo (SP),7,-0.13,2007,96,2007-07-01,233824.1
Porto Alegre (RS),7,0.61,2007,96,2007-07-01,233824.1
Brasil,7,0.24,2007,96,2007-07-01,233824.1
Recife (PE),8,0.83,2007,97,2007-08-01,235019.1
Salvador (BA),8,0.68,2007,97,2007-08-01,235019.1
Belo Horizonte (MG),8,0.68,2007,97,2007-08-01,235019.1
Rio de Janeiro (RJ),8,0.45,2007,97,2007-08-01,235019.1
São Paulo (SP),8,0.49,2007,97,2007-08-01,235019.1
Porto Alegre (RS),8,0.35,2007,97,2007-08-01,235019.1
Brasil,8,0.47,2007,97,2007-08-01,235019.1
Recife (PE),9,0.66,2007,98,2007-09-01,223002.7
Salvador (BA),9,0.09,2007,98,2007-09-01,223002.7
Belo Horizonte (MG),9,0.03,2007,98,2007-09-01,223002.7
Rio de Janeiro (RJ),9,0.31,2007,98,2007-09-01,223002.7
São Paulo (SP),9,0.21,2007,98,2007-09-01,223002.7
Porto Alegre (RS),9,-0.12,2007,98,2007-09-01,223002.7
Brasil,9,0.18,2007,98,2007-09-01,223002.7
Recife (PE),10,0.28,2007,99,2007-10-01,241939.4
Salvador (BA),10,0.44,2007,99,2007-10-01,241939.4
Belo Horizonte (MG),10,0.3,2007,99,2007-10-01,241939.4
Rio de Janeiro (RJ),10,0.37,2007,99,2007-10-01,241939.4
São Paulo (SP),10,0.17,2007,99,2007-10-01,241939.4
Porto Alegre (RS),10,0.2,2007,99,2007-10-01,241939.4
Brasil,10,0.3,2007,99,2007-10-01,241939.4
Recife (PE),11,0.21,2007,100,2007-11-01,241938.4
Salvador (BA),11,0.22,2007,100,2007-11-01,241938.4
Belo Horizonte (MG),11,0.5,2007,100,2007-11-01,241938.4
Rio de Janeiro (RJ),11,0.27,2007,100,2007-11-01,241938.4
São Paulo (SP),11,0.34,2007,100,2007-11-01,241938.4
Porto Alegre (RS),11,0.56,2007,100,2007-11-01,241938.4
Brasil,11,0.38,2007,100,2007-11-01,241938.4
Recife (PE),12,1.14,2007,101,2007-12-01,242460.2
Salvador (BA),12,1.04,2007,101,2007-12-01,242460.2
Belo Horizonte (MG),12,0.84,2007,101,2007-12-01,242460.2
Rio de Janeiro (RJ),12,0.65,2007,101,2007-12-01,242460.2
São Paulo (SP),12,0.55,2007,101,2007-12-01,242460.2
Porto Alegre (RS),12,0.48,2007,101,2007-12-01,242460.2
Brasil,12,0.74,2007,101,2007-12-01,242460.2
Recife (PE),1,0.59,2008,102,2008-01-01,237247.7
Salvador (BA),1,0.57,2008,102,2008-01-01,237247.7
Belo Horizonte (MG),1,0.72,2008,102,2008-01-01,237247.7
Rio de Janeiro (RJ),1,0.45,2008,102,2008-01-01,237247.7
São Paulo (SP),1,0.51,2008,102,2008-01-01,237247.7
Porto Alegre (RS),1,0.22,2008,102,2008-01-01,237247.7
Brasil,1,0.54,2008,102,2008-01-01,237247.7
Recife (PE),2,1.05,2008,103,2008-02-01,232680.4
Salvador (BA),2,0.39,2008,103,2008-02-01,232680.4
Belo Horizonte (MG),2,0.52,2008,103,2008-02-01,232680.4
Rio de Janeiro (RJ),2,0.45,2008,103,2008-02-01,232680.4
São Paulo (SP),2,0.34,2008,103,2008-02-01,232680.4
Porto Alegre (RS),2,0.3,2008,103,2008-02-01,232680.4
Brasil,2,0.49,2008,103,2008-02-01,232680.4
Recife (PE),3,0.13,2008,104,2008-03-01,242124.4
Salvador (BA),3,0.55,2008,104,2008-03-01,242124.4
Belo Horizonte (MG),3,0.52,2008,104,2008-03-01,242124.4
Rio de Janeiro (RJ),3,0.2,2008,104,2008-03-01,242124.4
São Paulo (SP),3,0.39,2008,104,2008-03-01,242124.4
Porto Alegre (RS),3,0.66,2008,104,2008-03-01,242124.4
Brasil,3,0.48,2008,104,2008-03-01,242124.4
Recife (PE),4,0.82,2008,105,2008-04-01,248793.8
Salvador (BA),4,0.7,2008,105,2008-04-01,248793.8
Belo Horizonte (MG),4,-0.02,2008,105,2008-04-01,248793.8
Rio de Janeiro (RJ),4,0.69,2008,105,2008-04-01,248793.8
São Paulo (SP),4,0.4,2008,105,2008-04-01,248793.8
Porto Alegre (RS),4,0.87,2008,105,2008-04-01,248793.8
Brasil,4,0.55,2008,105,2008-04-01,248793.8
Recife (PE),5,1.08,2008,106,2008-05-01,254936.9
Salvador (BA),5,0.34,2008,106,2008-05-01,254936.9
Belo Horizonte (MG),5,0.75,2008,106,2008-05-01,254936.9
Rio de Janeiro (RJ),5,0.63,2008,106,2008-05-01,254936.9
São Paulo (SP),5,0.89,2008,106,2008-05-01,254936.9
Porto Alegre (RS),5,0.87,2008,106,2008-05-01,254936.9
Brasil,5,0.79,2008,106,2008-05-01,254936.9
Recife (PE),6,0.9,2008,107,2008-06-01,265791.2
Salvador (BA),6,0.94,2008,107,2008-06-01,265791.2
Belo Horizonte (MG),6,0.88,2008,107,2008-06-01,265791.2
Rio de Janeiro (RJ),6,0.66,2008,107,2008-06-01,265791.2
São Paulo (SP),6,0.87,2008,107,2008-06-01,265791.2
Porto Alegre (RS),6,1.02,2008,107,2008-06-01,265791.2
Brasil,6,0.74,2008,107,2008-06-01,265791.2
Recife (PE),7,0.29,2008,108,2008-07-01,278095.6
Salvador (BA),7,0.51,2008,108,2008-07-01,278095.6
Belo Horizonte (MG),7,0.5,2008,108,2008-07-01,278095.6
Rio de Janeiro (RJ),7,0.53,2008,108,2008-07-01,278095.6
São Paulo (SP),7,0.6,2008,108,2008-07-01,278095.6
Porto Alegre (RS),7,0.65,2008,108,2008-07-01,278095.6
Brasil,7,0.53,2008,108,2008-07-01,278095.6
Recife (PE),8,0.34,2008,109,2008-08-01,269235.6
Salvador (BA),8,0.11,2008,109,2008-08-01,269235.6
Belo Horizonte (MG),8,0.32,2008,109,2008-08-01,269235.6
Rio de Janeiro (RJ),8,0.49,2008,109,2008-08-01,269235.6
São Paulo (SP),8,0.4,2008,109,2008-08-01,269235.6
Porto Alegre (RS),8,0.22,2008,109,2008-08-01,269235.6
Brasil,8,0.28,2008,109,2008-08-01,269235.6
Recife (PE),9,0.09,2008,110,2008-09-01,265271.2
Salvador (BA),9,0.02,2008,110,2008-09-01,265271.2
Belo Horizonte (MG),9,0.16,2008,110,2008-09-01,265271.2
Rio de Janeiro (RJ),9,0.21,2008,110,2008-09-01,265271.2
São Paulo (SP),9,0.4,2008,110,2008-09-01,265271.2
Porto Alegre (RS),9,0.47,2008,110,2008-09-01,265271.2
Brasil,9,0.26,2008,110,2008-09-01,265271.2
Recife (PE),10,0.62,2008,111,2008-10-01,280522.5
Salvador (BA),10,0.31,2008,111,2008-10-01,280522.5
Belo Horizonte (MG),10,0.18,2008,111,2008-10-01,280522.5
Rio de Janeiro (RJ),10,0.52,2008,111,2008-10-01,280522.5
São Paulo (SP),10,0.53,2008,111,2008-10-01,280522.5
Porto Alegre (RS),10,0.24,2008,111,2008-10-01,280522.5
Brasil,10,0.45,2008,111,2008-10-01,280522.5
Recife (PE),11,0.36,2008,112,2008-11-01,270698.8
Salvador (BA),11,0.16,2008,112,2008-11-01,270698.8
Belo Horizonte (MG),11,0.33,2008,112,2008-11-01,270698.8
Rio de Janeiro (RJ),11,0.41,2008,112,2008-11-01,270698.8
São Paulo (SP),11,0.14,2008,112,2008-11-01,270698.8
Porto Alegre (RS),11,0.71,2008,112,2008-11-01,270698.8
Brasil,11,0.36,2008,112,2008-11-01,270698.8
Recife (PE),12,0.55,2008,113,2008-12-01,264404.8
Salvador (BA),12,0.48,2008,113,2008-12-01,264404.8
Belo Horizonte (MG),12,0.36,2008,113,2008-12-01,264404.8
Rio de Janeiro (RJ),12,0.76,2008,113,2008-12-01,264404.8
São Paulo (SP),12,0.01,2008,113,2008-12-01,264404.8
Porto Alegre (RS),12,0.14,2008,113,2008-12-01,264404.8
Brasil,12,0.28,2008,113,2008-12-01,264404.8
Recife (PE),1,-0.35,2009,114,2009-01-01,249934.4
Salvador (BA),1,0.78,2009,114,2009-01-01,249934.4
Belo Horizonte (MG),1,1.01,2009,114,2009-01-01,249934.4
Rio de Janeiro (RJ),1,0.62,2009,114,2009-01-01,249934.4
São Paulo (SP),1,0.24,2009,114,2009-01-01,249934.4
Porto Alegre (RS),1,0.39,2009,114,2009-01-01,249934.4
Brasil,1,0.48,2009,114,2009-01-01,249934.4
Recife (PE),2,0.77,2009,115,2009-02-01,244024.5
Salvador (BA),2,0.48,2009,115,2009-02-01,244024.5
Belo Horizonte (MG),2,0.75,2009,115,2009-02-01,244024.5
Rio de Janeiro (RJ),2,0.61,2009,115,2009-02-01,244024.5
São Paulo (SP),2,0.67,2009,115,2009-02-01,244024.5
Porto Alegre (RS),2,0.38,2009,115,2009-02-01,244024.5
Brasil,2,0.55,2009,115,2009-02-01,244024.5
Recife (PE),3,0.26,2009,116,2009-03-01,262181.7
Salvador (BA),3,-0.04,2009,116,2009-03-01,262181.7
Belo Horizonte (MG),3,0.1,2009,116,2009-03-01,262181.7
Rio de Janeiro (RJ),3,0.04,2009,116,2009-03-01,262181.7
São Paulo (SP),3,0.26,2009,116,2009-03-01,262181.7
Porto Alegre (RS),3,0.03,2009,116,2009-03-01,262181.7
Brasil,3,0.2,2009,116,2009-03-01,262181.7
Recife (PE),4,0.16,2009,117,2009-04-01,259563.5
Salvador (BA),4,0.02,2009,117,2009-04-01,259563.5
Belo Horizonte (MG),4,0.51,2009,117,2009-04-01,259563.5
Rio de Janeiro (RJ),4,0.44,2009,117,2009-04-01,259563.5
São Paulo (SP),4,0.46,2009,117,2009-04-01,259563.5
Porto Alegre (RS),4,0.83,2009,117,2009-04-01,259563.5
Brasil,4,0.48,2009,117,2009-04-01,259563.5
Recife (PE),5,0.75,2009,118,2009-05-01,268324
Salvador (BA),5,0.73,2009,118,2009-05-01,268324
Belo Horizonte (MG),5,0.56,2009,118,2009-05-01,268324
Rio de Janeiro (RJ),5,0.57,2009,118,2009-05-01,268324
São Paulo (SP),5,0.34,2009,118,2009-05-01,268324
Porto Alegre (RS),5,0.55,2009,118,2009-05-01,268324
Brasil,5,0.47,2009,118,2009-05-01,268324
Recife (PE),6,0.52,2009,119,2009-06-01,275701.2
Salvador (BA),6,0.63,2009,119,2009-06-01,275701.2
Belo Horizonte (MG),6,0.14,2009,119,2009-06-01,275701.2
Rio de Janeiro (RJ),6,0.46,2009,119,2009-06-01,275701.2
São Paulo (SP),6,0.37,2009,119,2009-06-01,275701.2
Porto Alegre (RS),6,0.16,2009,119,2009-06-01,275701.2
Brasil,6,0.36,2009,119,2009-06-01,275701.2
Recife (PE),7,0.15,2009,120,2009-07-01,285444.2
Salvador (BA),7,0.04,2009,120,2009-07-01,285444.2
Belo Horizonte (MG),7,0.06,2009,120,2009-07-01,285444.2
Rio de Janeiro (RJ),7,0,2009,120,2009-07-01,285444.2
São Paulo (SP),7,0.57,2009,120,2009-07-01,285444.2
Porto Alegre (RS),7,0.13,2009,120,2009-07-01,285444.2
Brasil,7,0.24,2009,120,2009-07-01,285444.2
Recife (PE),8,0.49,2009,121,2009-08-01,284240.4
Salvador (BA),8,0.26,2009,121,2009-08-01,284240.4
Belo Horizonte (MG),8,0.11,2009,121,2009-08-01,284240.4
Rio de Janeiro (RJ),8,-0.02,2009,121,2009-08-01,284240.4
São Paulo (SP),8,0.26,2009,121,2009-08-01,284240.4
Porto Alegre (RS),8,0.09,2009,121,2009-08-01,284240.4
Brasil,8,0.15,2009,121,2009-08-01,284240.4
Recife (PE),9,0.41,2009,122,2009-09-01,283157.9
Salvador (BA),9,0.57,2009,122,2009-09-01,283157.9
Belo Horizonte (MG),9,0.31,2009,122,2009-09-01,283157.9
Rio de Janeiro (RJ),9,0.26,2009,122,2009-09-01,283157.9
São Paulo (SP),9,0.26,2009,122,2009-09-01,283157.9
Porto Alegre (RS),9,0.34,2009,122,2009-09-01,283157.9
Brasil,9,0.24,2009,122,2009-09-01,283157.9
Recife (PE),10,0.35,2009,123,2009-10-01,301895.9
Salvador (BA),10,0.12,2009,123,2009-10-01,301895.9
Belo Horizonte (MG),10,0.19,2009,123,2009-10-01,301895.9
Rio de Janeiro (RJ),10,0.43,2009,123,2009-10-01,301895.9
São Paulo (SP),10,0.28,2009,123,2009-10-01,301895.9
Porto Alegre (RS),10,0.14,2009,123,2009-10-01,301895.9
Brasil,10,0.28,2009,123,2009-10-01,301895.9
Recife (PE),11,0.49,2009,124,2009-11-01,305048.8
Salvador (BA),11,0.16,2009,124,2009-11-01,305048.8
Belo Horizonte (MG),11,0.41,2009,124,2009-11-01,305048.8
Rio de Janeiro (RJ),11,0.27,2009,124,2009-11-01,305048.8
São Paulo (SP),11,0.32,2009,124,2009-11-01,305048.8
Porto Alegre (RS),11,0.59,2009,124,2009-11-01,305048.8
Brasil,11,0.41,2009,124,2009-11-01,305048.8
Recife (PE),12,0.53,2009,125,2009-12-01,313522.8
Salvador (BA),12,0.25,2009,125,2009-12-01,313522.8
Belo Horizonte (MG),12,0.46,2009,125,2009-12-01,313522.8
Rio de Janeiro (RJ),12,0.11,2009,125,2009-12-01,313522.8
São Paulo (SP),12,0.44,2009,125,2009-12-01,313522.8
Porto Alegre (RS),12,0.09,2009,125,2009-12-01,313522.8
Brasil,12,0.37,2009,125,2009-12-01,313522.8
Recife (PE),1,0.01,2010,126,2010-01-01,288972.8
Salvador (BA),1,0.58,2010,126,2010-01-01,288972.8
Belo Horizonte (MG),1,0.36,2010,126,2010-01-01,288972.8
Rio de Janeiro (RJ),1,0.82,2010,126,2010-01-01,288972.8
São Paulo (SP),1,0.97,2010,126,2010-01-01,288972.8
Porto Alegre (RS),1,0.64,2010,126,2010-01-01,288972.8
Brasil,1,0.75,2010,126,2010-01-01,288972.8
Recife (PE),2,0.58,2010,127,2010-02-01,285723.2
Salvador (BA),2,1.09,2010,127,2010-02-01,285723.2
Belo Horizonte (MG),2,0.78,2010,127,2010-02-01,285723.2
Rio de Janeiro (RJ),2,0.79,2010,127,2010-02-01,285723.2
São Paulo (SP),2,0.78,2010,127,2010-02-01,285723.2
Porto Alegre (RS),2,0.74,2010,127,2010-02-01,285723.2
Brasil,2,0.78,2010,127,2010-02-01,285723.2
Recife (PE),3,0.61,2010,128,2010-03-01,311651.6
Salvador (BA),3,0.55,2010,128,2010-03-01,311651.6
Belo Horizonte (MG),3,0.82,2010,128,2010-03-01,311651.6
Rio de Janeiro (RJ),3,0.81,2010,128,2010-03-01,311651.6
São Paulo (SP),3,0.25,2010,128,2010-03-01,311651.6
Porto Alegre (RS),3,0.67,2010,128,2010-03-01,311651.6
Brasil,3,0.52,2010,128,2010-03-01,311651.6
Recife (PE),4,0.73,2010,129,2010-04-01,307083.5
Salvador (BA),4,0.62,2010,129,2010-04-01,307083.5
Belo Horizonte (MG),4,0.71,2010,129,2010-04-01,307083.5
Rio de Janeiro (RJ),4,0.6,2010,129,2010-04-01,307083.5
São Paulo (SP),4,0.46,2010,129,2010-04-01,307083.5
Porto Alegre (RS),4,0.43,2010,129,2010-04-01,307083.5
Brasil,4,0.57,2010,129,2010-04-01,307083.5
Recife (PE),5,0.05,2010,130,2010-05-01,315988.4
Salvador (BA),5,0.81,2010,130,2010-05-01,315988.4
Belo Horizonte (MG),5,0.44,2010,130,2010-05-01,315988.4
Rio de Janeiro (RJ),5,0.72,2010,130,2010-05-01,315988.4
São Paulo (SP),5,0.37,2010,130,2010-05-01,315988.4
Porto Alegre (RS),5,-0.02,2010,130,2010-05-01,315988.4
Brasil,5,0.43,2010,130,2010-05-01,315988.4
Recife (PE),6,0.06,2010,131,2010-06-01,321023.2
Salvador (BA),6,0.05,2010,131,2010-06-01,321023.2
Belo Horizonte (MG),6,0.15,2010,131,2010-06-01,321023.2
Rio de Janeiro (RJ),6,0.15,2010,131,2010-06-01,321023.2
São Paulo (SP),6,0.03,2010,131,2010-06-01,321023.2
Porto Alegre (RS),6,-0.08,2010,131,2010-06-01,321023.2
Brasil,6,0,2010,131,2010-06-01,321023.2
Recife (PE),7,0.31,2010,132,2010-07-01,332454.2
Salvador (BA),7,-0.06,2010,132,2010-07-01,332454.2
Belo Horizonte (MG),7,0,2010,132,2010-07-01,332454.2
Rio de Janeiro (RJ),7,-0.09,2010,132,2010-07-01,332454.2
São Paulo (SP),7,0.02,2010,132,2010-07-01,332454.2
Porto Alegre (RS),7,0.2,2010,132,2010-07-01,332454.2
Brasil,7,0.01,2010,132,2010-07-01,332454.2
Recife (PE),8,-0.38,2010,133,2010-08-01,334225.6
Salvador (BA),8,-0.13,2010,133,2010-08-01,334225.6
Belo Horizonte (MG),8,0.02,2010,133,2010-08-01,334225.6
Rio de Janeiro (RJ),8,0.04,2010,133,2010-08-01,334225.6
São Paulo (SP),8,0.02,2010,133,2010-08-01,334225.6
Porto Alegre (RS),8,0.29,2010,133,2010-08-01,334225.6
Brasil,8,0.04,2010,133,2010-08-01,334225.6
Recife (PE),9,0.41,2010,134,2010-09-01,331255.9
Salvador (BA),9,0.25,2010,134,2010-09-01,331255.9
Belo Horizonte (MG),9,0.45,2010,134,2010-09-01,331255.9
Rio de Janeiro (RJ),9,0.32,2010,134,2010-09-01,331255.9
São Paulo (SP),9,0.71,2010,134,2010-09-01,331255.9
Porto Alegre (RS),9,0.24,2010,134,2010-09-01,331255.9
Brasil,9,0.45,2010,134,2010-09-01,331255.9
Recife (PE),10,0.62,2010,135,2010-10-01,344963.8
Salvador (BA),10,0.85,2010,135,2010-10-01,344963.8
Belo Horizonte (MG),10,0.96,2010,135,2010-10-01,344963.8
Rio de Janeiro (RJ),10,0.44,2010,135,2010-10-01,344963.8
São Paulo (SP),10,0.76,2010,135,2010-10-01,344963.8
Porto Alegre (RS),10,0.65,2010,135,2010-10-01,344963.8
Brasil,10,0.75,2010,135,2010-10-01,344963.8
Recife (PE),11,0.54,2010,136,2010-11-01,356707.5
Salvador (BA),11,0.99,2010,136,2010-11-01,356707.5
Belo Horizonte (MG),11,0.64,2010,136,2010-11-01,356707.5
Rio de Janeiro (RJ),11,0.98,2010,136,2010-11-01,356707.5
São Paulo (SP),11,0.57,2010,136,2010-11-01,356707.5
Porto Alegre (RS),11,0.62,2010,136,2010-11-01,356707.5
Brasil,11,0.83,2010,136,2010-11-01,356707.5
Recife (PE),12,0.94,2010,137,2010-12-01,355797.4
Salvador (BA),12,0.34,2010,137,2010-12-01,355797.4
Belo Horizonte (MG),12,0.3,2010,137,2010-12-01,355797.4
Rio de Janeiro (RJ),12,0.61,2010,137,2010-12-01,355797.4
São Paulo (SP),12,0.69,2010,137,2010-12-01,355797.4
Porto Alegre (RS),12,0.61,2010,137,2010-12-01,355797.4
Brasil,12,0.63,2010,137,2010-12-01,355797.4
Recife (PE),1,0.44,2011,138,2011-01-01,333255.6
Salvador (BA),1,0.89,2011,138,2011-01-01,333255.6
Belo Horizonte (MG),1,1.01,2011,138,2011-01-01,333255.6
Rio de Janeiro (RJ),1,0.73,2011,138,2011-01-01,333255.6
São Paulo (SP),1,0.85,2011,138,2011-01-01,333255.6
Porto Alegre (RS),1,0.5,2011,138,2011-01-01,333255.6
Brasil,1,0.83,2011,138,2011-01-01,333255.6
Recife (PE),2,0.82,2011,139,2011-02-01,334982
Salvador (BA),2,0.75,2011,139,2011-02-01,334982
Belo Horizonte (MG),2,0.71,2011,139,2011-02-01,334982
Rio de Janeiro (RJ),2,0.73,2011,139,2011-02-01,334982
São Paulo (SP),2,1.01,2011,139,2011-02-01,334982
Porto Alegre (RS),2,0.87,2011,139,2011-02-01,334982
Brasil,2,0.8,2011,139,2011-02-01,334982
Recife (PE),3,0.61,2011,140,2011-03-01,347879.6
Salvador (BA),3,0.24,2011,140,2011-03-01,347879.6
Belo Horizonte (MG),3,0.89,2011,140,2011-03-01,347879.6
Rio de Janeiro (RJ),3,0.69,2011,140,2011-03-01,347879.6
São Paulo (SP),3,0.73,2011,140,2011-03-01,347879.6
Porto Alegre (RS),3,0.63,2011,140,2011-03-01,347879.6
Brasil,3,0.79,2011,140,2011-03-01,347879.6
Recife (PE),4,0.58,2011,141,2011-04-01,349049.3
Salvador (BA),4,0.66,2011,141,2011-04-01,349049.3
Belo Horizonte (MG),4,0.63,2011,141,2011-04-01,349049.3
Rio de Janeiro (RJ),4,0.84,2011,141,2011-04-01,349049.3
São Paulo (SP),4,0.8,2011,141,2011-04-01,349049.3
Porto Alegre (RS),4,0.95,2011,141,2011-04-01,349049.3
Brasil,4,0.77,2011,141,2011-04-01,349049.3
Recife (PE),5,0.64,2011,142,2011-05-01,366256.2
Salvador (BA),5,0.63,2011,142,2011-05-01,366256.2
Belo Horizonte (MG),5,0.83,2011,142,2011-05-01,366256.2
Rio de Janeiro (RJ),5,0.61,2011,142,2011-05-01,366256.2
São Paulo (SP),5,0.38,2011,142,2011-05-01,366256.2
Porto Alegre (RS),5,0.5,2011,142,2011-05-01,366256.2
Brasil,5,0.47,2011,142,2011-05-01,366256.2
Recife (PE),6,0.42,2011,143,2011-06-01,370951.2
Salvador (BA),6,0.11,2011,143,2011-06-01,370951.2
Belo Horizonte (MG),6,0.36,2011,143,2011-06-01,370951.2
Rio de Janeiro (RJ),6,0.23,2011,143,2011-06-01,370951.2
São Paulo (SP),6,0.25,2011,143,2011-06-01,370951.2
Porto Alegre (RS),6,0.21,2011,143,2011-06-01,370951.2
Brasil,6,0.15,2011,143,2011-06-01,370951.2
Recife (PE),7,0.04,2011,144,2011-07-01,373143.3
Salvador (BA),7,0.45,2011,144,2011-07-01,373143.3
Belo Horizonte (MG),7,0.14,2011,144,2011-07-01,373143.3
Rio de Janeiro (RJ),7,0.2,2011,144,2011-07-01,373143.3
São Paulo (SP),7,0.14,2011,144,2011-07-01,373143.3
Porto Alegre (RS),7,0.24,2011,144,2011-07-01,373143.3
Brasil,7,0.16,2011,144,2011-07-01,373143.3
Recife (PE),8,0.6,2011,145,2011-08-01,376769.3
Salvador (BA),8,0.39,2011,145,2011-08-01,376769.3
Belo Horizonte (MG),8,0.41,2011,145,2011-08-01,376769.3
Rio de Janeiro (RJ),8,0.5,2011,145,2011-08-01,376769.3
São Paulo (SP),8,0.41,2011,145,2011-08-01,376769.3
Porto Alegre (RS),8,0.16,2011,145,2011-08-01,376769.3
Brasil,8,0.37,2011,145,2011-08-01,376769.3
Recife (PE),9,0.55,2011,146,2011-09-01,361724.6
Salvador (BA),9,0.76,2011,146,2011-09-01,361724.6
Belo Horizonte (MG),9,0.59,2011,146,2011-09-01,361724.6
Rio de Janeiro (RJ),9,0.49,2011,146,2011-09-01,361724.6
São Paulo (SP),9,0.55,2011,146,2011-09-01,361724.6
Porto Alegre (RS),9,0.58,2011,146,2011-09-01,361724.6
Brasil,9,0.53,2011,146,2011-09-01,361724.6
Recife (PE),10,0.05,2011,147,2011-10-01,378491
Salvador (BA),10,-0.02,2011,147,2011-10-01,378491
Belo Horizonte (MG),10,0.46,2011,147,2011-10-01,378491
Rio de Janeiro (RJ),10,0.44,2011,147,2011-10-01,378491
São Paulo (SP),10,0.35,2011,147,2011-10-01,378491
Porto Alegre (RS),10,0.97,2011,147,2011-10-01,378491
Brasil,10,0.43,2011,147,2011-10-01,378491
Recife (PE),11,0.54,2011,148,2011-11-01,389560.8
Salvador (BA),11,0.59,2011,148,2011-11-01,389560.8
Belo Horizonte (MG),11,0.22,2011,148,2011-11-01,389560.8
Rio de Janeiro (RJ),11,0.39,2011,148,2011-11-01,389560.8
São Paulo (SP),11,0.48,2011,148,2011-11-01,389560.8
Porto Alegre (RS),11,0.51,2011,148,2011-11-01,389560.8
Brasil,11,0.52,2011,148,2011-11-01,389560.8
Recife (PE),12,0.62,2011,149,2011-12-01,391595.1
Salvador (BA),12,0.87,2011,149,2011-12-01,391595.1
Belo Horizonte (MG),12,0.35,2011,149,2011-12-01,391595.1
Rio de Janeiro (RJ),12,0.55,2011,149,2011-12-01,391595.1
São Paulo (SP),12,0.37,2011,149,2011-12-01,391595.1
Porto Alegre (RS),12,0.2,2011,149,2011-12-01,391595.1
Brasil,12,0.5,2011,149,2011-12-01,391595.1
Recife (PE),1,0.39,2012,150,2012-01-01,367215.4
Salvador (BA),1,0.23,2012,150,2012-01-01,367215.4
Belo Horizonte (MG),1,0.55,2012,150,2012-01-01,367215.4
Rio de Janeiro (RJ),1,0.98,2012,150,2012-01-01,367215.4
São Paulo (SP),1,0.52,2012,150,2012-01-01,367215.4
Porto Alegre (RS),1,0.27,2012,150,2012-01-01,367215.4
Brasil,1,0.56,2012,150,2012-01-01,367215.4
Recife (PE),2,0.76,2012,151,2012-02-01,367177.3
Salvador (BA),2,0.45,2012,151,2012-02-01,367177.3
Belo Horizonte (MG),2,0.62,2012,151,2012-02-01,367177.3
Rio de Janeiro (RJ),2,1.02,2012,151,2012-02-01,367177.3
São Paulo (SP),2,0.35,2012,151,2012-02-01,367177.3
Porto Alegre (RS),2,0.45,2012,151,2012-02-01,367177.3
Brasil,2,0.45,2012,151,2012-02-01,367177.3
Recife (PE),3,0.44,2012,152,2012-03-01,392996.5
Salvador (BA),3,0.33,2012,152,2012-03-01,392996.5
Belo Horizonte (MG),3,0.43,2012,152,2012-03-01,392996.5
Rio de Janeiro (RJ),3,-0.03,2012,152,2012-03-01,392996.5
São Paulo (SP),3,0.05,2012,152,2012-03-01,392996.5
Porto Alegre (RS),3,0.16,2012,152,2012-03-01,392996.5
Brasil,3,0.21,2012,152,2012-03-01,392996.5
Recife (PE),4,0.6,2012,153,2012-04-01,381795.3
Salvador (BA),4,0.35,2012,153,2012-04-01,381795.3
Belo Horizonte (MG),4,0.59,2012,153,2012-04-01,381795.3
Rio de Janeiro (RJ),4,0.81,2012,153,2012-04-01,381795.3
São Paulo (SP),4,0.64,2012,153,2012-04-01,381795.3
Porto Alegre (RS),4,0.73,2012,153,2012-04-01,381795.3
Brasil,4,0.64,2012,153,2012-04-01,381795.3
Recife (PE),5,0.6,2012,154,2012-05-01,400281.3
Salvador (BA),5,0.75,2012,154,2012-05-01,400281.3
Belo Horizonte (MG),5,0.67,2012,154,2012-05-01,400281.3
Rio de Janeiro (RJ),5,0.06,2012,154,2012-05-01,400281.3
São Paulo (SP),5,0.25,2012,154,2012-05-01,400281.3
Porto Alegre (RS),5,0.43,2012,154,2012-05-01,400281.3
Brasil,5,0.36,2012,154,2012-05-01,400281.3
Recife (PE),6,0.2,2012,155,2012-06-01,398714.5
Salvador (BA),6,0.31,2012,155,2012-06-01,398714.5
Belo Horizonte (MG),6,0.15,2012,155,2012-06-01,398714.5
Rio de Janeiro (RJ),6,0.3,2012,155,2012-06-01,398714.5
São Paulo (SP),6,0.04,2012,155,2012-06-01,398714.5
Porto Alegre (RS),6,0.08,2012,155,2012-06-01,398714.5
Brasil,6,0.08,2012,155,2012-06-01,398714.5
Recife (PE),7,0.41,2012,156,2012-07-01,414617.4
Salvador (BA),7,0.64,2012,156,2012-07-01,414617.4
Belo Horizonte (MG),7,0.42,2012,156,2012-07-01,414617.4
Rio de Janeiro (RJ),7,0.62,2012,156,2012-07-01,414617.4
São Paulo (SP),7,0.38,2012,156,2012-07-01,414617.4
Porto Alegre (RS),7,0.66,2012,156,2012-07-01,414617.4
Brasil,7,0.43,2012,156,2012-07-01,414617.4
Recife (PE),8,0.52,2012,157,2012-08-01,419906.3
Salvador (BA),8,0.41,2012,157,2012-08-01,419906.3
Belo Horizonte (MG),8,0.37,2012,157,2012-08-01,419906.3
Rio de Janeiro (RJ),8,0.48,2012,157,2012-08-01,419906.3
São Paulo (SP),8,0.33,2012,157,2012-08-01,419906.3
Porto Alegre (RS),8,0.6,2012,157,2012-08-01,419906.3
Brasil,8,0.41,2012,157,2012-08-01,419906.3
Recife (PE),9,0.9,2012,158,2012-09-01,393524.7
Salvador (BA),9,0.62,2012,158,2012-09-01,393524.7
Belo Horizonte (MG),9,0.69,2012,158,2012-09-01,393524.7
Rio de Janeiro (RJ),9,0.79,2012,158,2012-09-01,393524.7
São Paulo (SP),9,0.52,2012,158,2012-09-01,393524.7
Porto Alegre (RS),9,0.59,2012,158,2012-09-01,393524.7
Brasil,9,0.57,2012,158,2012-09-01,393524.7
Recife (PE),10,0.71,2012,159,2012-10-01,422672.1
Salvador (BA),10,0.87,2012,159,2012-10-01,422672.1
Belo Horizonte (MG),10,0.42,2012,159,2012-10-01,422672.1
Rio de Janeiro (RJ),10,0.48,2012,159,2012-10-01,422672.1
São Paulo (SP),10,0.51,2012,159,2012-10-01,422672.1
Porto Alegre (RS),10,0.49,2012,159,2012-10-01,422672.1
Brasil,10,0.59,2012,159,2012-10-01,422672.1
Recife (PE),11,0.41,2012,160,2012-11-01,423816.4
Salvador (BA),11,0.47,2012,160,2012-11-01,423816.4
Belo Horizonte (MG),11,0.5,2012,160,2012-11-01,423816.4
Rio de Janeiro (RJ),11,0.41,2012,160,2012-11-01,423816.4
São Paulo (SP),11,0.44,2012,160,2012-11-01,423816.4
Porto Alegre (RS),11,0.34,2012,160,2012-11-01,423816.4
Brasil,11,0.6,2012,160,2012-11-01,423816.4
Recife (PE),12,0.66,2012,161,2012-12-01,423195.9
Salvador (BA),12,0.6,2012,161,2012-12-01,423195.9
Belo Horizonte (MG),12,0.46,2012,161,2012-12-01,423195.9
Rio de Janeiro (RJ),12,1.2,2012,161,2012-12-01,423195.9
São Paulo (SP),12,0.59,2012,161,2012-12-01,423195.9
Porto Alegre (RS),12,0.62,2012,161,2012-12-01,423195.9
Brasil,12,0.79,2012,161,2012-12-01,423195.9
Recife (PE),1,0.8,2013,162,2013-01-01,414131.8
Salvador (BA),1,0.73,2013,162,2013-01-01,414131.8
Belo Horizonte (MG),1,0.61,2013,162,2013-01-01,414131.8
Rio de Janeiro (RJ),1,0.58,2013,162,2013-01-01,414131.8
São Paulo (SP),1,0.97,2013,162,2013-01-01,414131.8
Porto Alegre (RS),1,0.88,2013,162,2013-01-01,414131.8
Brasil,1,0.86,2013,162,2013-01-01,414131.8
Recife (PE),2,0.89,2013,163,2013-02-01,398645.4
Salvador (BA),2,0.7,2013,163,2013-02-01,398645.4
Belo Horizonte (MG),2,0.85,2013,163,2013-02-01,398645.4
Rio de Janeiro (RJ),2,0.3,2013,163,2013-02-01,398645.4
São Paulo (SP),2,0.68,2013,163,2013-02-01,398645.4
Porto Alegre (RS),2,0.37,2013,163,2013-02-01,398645.4
Brasil,2,0.6,2013,163,2013-02-01,398645.4
Recife (PE),3,0.31,2013,164,2013-03-01,427409.8
Salvador (BA),3,0.48,2013,164,2013-03-01,427409.8
Belo Horizonte (MG),3,0.62,2013,164,2013-03-01,427409.8
Rio de Janeiro (RJ),3,0.24,2013,164,2013-03-01,427409.8
São Paulo (SP),3,0.43,2013,164,2013-03-01,427409.8
Porto Alegre (RS),3,0.34,2013,164,2013-03-01,427409.8
Brasil,3,0.47,2013,164,2013-03-01,427409.8
Recife (PE),4,0.84,2013,165,2013-04-01,438856.8
Salvador (BA),4,0.33,2013,165,2013-04-01,438856.8
Belo Horizonte (MG),4,0.66,2013,165,2013-04-01,438856.8
Rio de Janeiro (RJ),4,0.55,2013,165,2013-04-01,438856.8
São Paulo (SP),4,0.5,2013,165,2013-04-01,438856.8
Porto Alegre (RS),4,0.24,2013,165,2013-04-01,438856.8
Brasil,4,0.55,2013,165,2013-04-01,438856.8
Recife (PE),5,0.71,2013,166,2013-05-01,439054.2
Salvador (BA),5,0.26,2013,166,2013-05-01,439054.2
Belo Horizonte (MG),5,0.49,2013,166,2013-05-01,439054.2
Rio de Janeiro (RJ),5,0.63,2013,166,2013-05-01,439054.2
São Paulo (SP),5,0.27,2013,166,2013-05-01,439054.2
Porto Alegre (RS),5,0.46,2013,166,2013-05-01,439054.2
Brasil,5,0.37,2013,166,2013-05-01,439054.2
Recife (PE),6,0.26,2013,167,2013-06-01,442857
Salvador (BA),6,0.53,2013,167,2013-06-01,442857
Belo Horizonte (MG),6,0.31,2013,167,2013-06-01,442857
Rio de Janeiro (RJ),6,0.75,2013,167,2013-06-01,442857
São Paulo (SP),6,0.33,2013,167,2013-06-01,442857
Porto Alegre (RS),6,0.22,2013,167,2013-06-01,442857
Brasil,6,0.26,2013,167,2013-06-01,442857
Recife (PE),7,0.17,2013,168,2013-07-01,458458.9
Salvador (BA),7,0,2013,168,2013-07-01,458458.9
Belo Horizonte (MG),7,0.12,2013,168,2013-07-01,458458.9
Rio de Janeiro (RJ),7,-0.05,2013,168,2013-07-01,458458.9
São Paulo (SP),7,0.09,2013,168,2013-07-01,458458.9
Porto Alegre (RS),7,0.19,2013,168,2013-07-01,458458.9
Brasil,7,0.03,2013,168,2013-07-01,458458.9
Recife (PE),8,0.34,2013,169,2013-08-01,452862.2
Salvador (BA),8,0.25,2013,169,2013-08-01,452862.2
Belo Horizonte (MG),8,0.03,2013,169,2013-08-01,452862.2
Rio de Janeiro (RJ),8,0.21,2013,169,2013-08-01,452862.2
São Paulo (SP),8,0.29,2013,169,2013-08-01,452862.2
Porto Alegre (RS),8,0.48,2013,169,2013-08-01,452862.2
Brasil,8,0.24,2013,169,2013-08-01,452862.2
Recife (PE),9,0.52,2013,170,2013-09-01,438766.7
Salvador (BA),9,0.07,2013,170,2013-09-01,438766.7
Belo Horizonte (MG),9,0.33,2013,170,2013-09-01,438766.7
Rio de Janeiro (RJ),9,0.44,2013,170,2013-09-01,438766.7
São Paulo (SP),9,0.4,2013,170,2013-09-01,438766.7
Porto Alegre (RS),9,0.71,2013,170,2013-09-01,438766.7
Brasil,9,0.35,2013,170,2013-09-01,438766.7
Recife (PE),10,0.66,2013,171,2013-10-01,466166
Salvador (BA),10,0.11,2013,171,2013-10-01,466166
Belo Horizonte (MG),10,0.39,2013,171,2013-10-01,466166
Rio de Janeiro (RJ),10,0.55,2013,171,2013-10-01,466166
São Paulo (SP),10,0.68,2013,171,2013-10-01,466166
Porto Alegre (RS),10,0.51,2013,171,2013-10-01,466166
Brasil,10,0.57,2013,171,2013-10-01,466166
Recife (PE),11,0.36,2013,172,2013-11-01,465693.8
Salvador (BA),11,0.24,2013,172,2013-11-01,465693.8
Belo Horizonte (MG),11,0.47,2013,172,2013-11-01,465693.8
Rio de Janeiro (RJ),11,0.71,2013,172,2013-11-01,465693.8
São Paulo (SP),11,0.39,2013,172,2013-11-01,465693.8
Porto Alegre (RS),11,0.56,2013,172,2013-11-01,465693.8
Brasil,11,0.54,2013,172,2013-11-01,465693.8
Recife (PE),12,0.77,2013,173,2013-12-01,473552.5
Salvador (BA),12,1.21,2013,173,2013-12-01,473552.5
Belo Horizonte (MG),12,0.74,2013,173,2013-12-01,473552.5
Rio de Janeiro (RJ),12,1.1,2013,173,2013-12-01,473552.5
São Paulo (SP),12,0.91,2013,173,2013-12-01,473552.5
Porto Alegre (RS),12,0.69,2013,173,2013-12-01,473552.5
Brasil,12,0.92,2013,173,2013-12-01,473552.5
Recife (PE),1,0.45,2014,174,2014-01-01,455935
Salvador (BA),1,0.55,2014,174,2014-01-01,455935
Belo Horizonte (MG),1,0.52,2014,174,2014-01-01,455935
Rio de Janeiro (RJ),1,0.36,2014,174,2014-01-01,455935
São Paulo (SP),1,0.49,2014,174,2014-01-01,455935
Porto Alegre (RS),1,0.52,2014,174,2014-01-01,455935
Brasil,1,0.55,2014,174,2014-01-01,455935
Recife (PE),2,0.49,2014,175,2014-02-01,450358.8
Salvador (BA),2,0.51,2014,175,2014-02-01,450358.8
Belo Horizonte (MG),2,0.75,2014,175,2014-02-01,450358.8
Rio de Janeiro (RJ),2,1.14,2014,175,2014-02-01,450358.8
São Paulo (SP),2,1,2014,175,2014-02-01,450358.8
Porto Alegre (RS),2,0.45,2014,175,2014-02-01,450358.8
Brasil,2,0.69,2014,175,2014-02-01,450358.8
Recife (PE),3,0.46,2014,176,2014-03-01,462159.8
Salvador (BA),3,0.69,2014,176,2014-03-01,462159.8
Belo Horizonte (MG),3,0.79,2014,176,2014-03-01,462159.8
Rio de Janeiro (RJ),3,1.24,2014,176,2014-03-01,462159.8
São Paulo (SP),3,0.88,2014,176,2014-03-01,462159.8
Porto Alegre (RS),3,0.85,2014,176,2014-03-01,462159.8
Brasil,3,0.92,2014,176,2014-03-01,462159.8
Recife (PE),4,0.77,2014,177,2014-04-01,468767.5
Salvador (BA),4,0.77,2014,177,2014-04-01,468767.5
Belo Horizonte (MG),4,0.78,2014,177,2014-04-01,468767.5
Rio de Janeiro (RJ),4,0.4,2014,177,2014-04-01,468767.5
São Paulo (SP),4,0.46,2014,177,2014-04-01,468767.5
Porto Alegre (RS),4,1.02,2014,177,2014-04-01,468767.5
Brasil,4,0.67,2014,177,2014-04-01,468767.5
Recife (PE),5,1.13,2014,178,2014-05-01,473347.1
Salvador (BA),5,0.45,2014,178,2014-05-01,473347.1
Belo Horizonte (MG),5,0.71,2014,178,2014-05-01,473347.1
Rio de Janeiro (RJ),5,0.55,2014,178,2014-05-01,473347.1
São Paulo (SP),5,0.17,2014,178,2014-05-01,473347.1
Porto Alegre (RS),5,0.75,2014,178,2014-05-01,473347.1
Brasil,5,0.46,2014,178,2014-05-01,473347.1
Recife (PE),6,0.82,2014,179,2014-06-01,458516.5
Salvador (BA),6,0.83,2014,179,2014-06-01,458516.5
Belo Horizonte (MG),6,0.54,2014,179,2014-06-01,458516.5
Rio de Janeiro (RJ),6,0.48,2014,179,2014-06-01,458516.5
São Paulo (SP),6,0.43,2014,179,2014-06-01,458516.5
Porto Alegre (RS),6,0.37,2014,179,2014-06-01,458516.5
Brasil,6,0.4,2014,179,2014-06-01,458516.5
Recife (PE),7,-0.08,2014,180,2014-07-01,481994
Salvador (BA),7,-0.49,2014,180,2014-07-01,481994
Belo Horizonte (MG),7,0.09,2014,180,2014-07-01,481994
Rio de Janeiro (RJ),7,0.03,2014,180,2014-07-01,481994
São Paulo (SP),7,0.21,2014,180,2014-07-01,481994
Porto Alegre (RS),7,0.13,2014,180,2014-07-01,481994
Brasil,7,0.01,2014,180,2014-07-01,481994
Recife (PE),8,0.45,2014,181,2014-08-01,477052.9
Salvador (BA),8,0.45,2014,181,2014-08-01,477052.9
Belo Horizonte (MG),8,-0.01,2014,181,2014-08-01,477052.9
Rio de Janeiro (RJ),8,0.43,2014,181,2014-08-01,477052.9
São Paulo (SP),8,0.19,2014,181,2014-08-01,477052.9
Porto Alegre (RS),8,0.2,2014,181,2014-08-01,477052.9
Brasil,8,0.25,2014,181,2014-08-01,477052.9
Recife (PE),9,0.66,2014,182,2014-09-01,476520.6
Salvador (BA),9,1.02,2014,182,2014-09-01,476520.6
Belo Horizonte (MG),9,0.48,2014,182,2014-09-01,476520.6
Rio de Janeiro (RJ),9,0.39,2014,182,2014-09-01,476520.6
São Paulo (SP),9,0.68,2014,182,2014-09-01,476520.6
Porto Alegre (RS),9,0.45,2014,182,2014-09-01,476520.6
Brasil,9,0.57,2014,182,2014-09-01,476520.6
Recife (PE),10,0.24,2014,183,2014-10-01,493304.7
Salvador (BA),10,0,2014,183,2014-10-01,493304.7
Belo Horizonte (MG),10,0.32,2014,183,2014-10-01,493304.7
Rio de Janeiro (RJ),10,0.52,2014,183,2014-10-01,493304.7
São Paulo (SP),10,0.38,2014,183,2014-10-01,493304.7
Porto Alegre (RS),10,0.71,2014,183,2014-10-01,493304.7
Brasil,10,0.42,2014,183,2014-10-01,493304.7
Recife (PE),11,0.46,2014,184,2014-11-01,489484.4
Salvador (BA),11,0.31,2014,184,2014-11-01,489484.4
Belo Horizonte (MG),11,0.36,2014,184,2014-11-01,489484.4
Rio de Janeiro (RJ),11,0.49,2014,184,2014-11-01,489484.4
São Paulo (SP),11,0.44,2014,184,2014-11-01,489484.4
Porto Alegre (RS),11,0.31,2014,184,2014-11-01,489484.4
Brasil,11,0.51,2014,184,2014-11-01,489484.4
Recife (PE),12,0.29,2014,185,2014-12-01,499867.7
Salvador (BA),12,0.54,2014,185,2014-12-01,499867.7
Belo Horizonte (MG),12,0.37,2014,185,2014-12-01,499867.7
Rio de Janeiro (RJ),12,1.33,2014,185,2014-12-01,499867.7
São Paulo (SP),12,0.6,2014,185,2014-12-01,499867.7
Porto Alegre (RS),12,0.8,2014,185,2014-12-01,499867.7
Brasil,12,0.78,2014,185,2014-12-01,499867.7
Recife (PE),1,0.44,2015,186,2015-01-01,472913.9
Salvador (BA),1,0.69,2015,186,2015-01-01,472913.9
Belo Horizonte (MG),1,0.93,2015,186,2015-01-01,472913.9
Rio de Janeiro (RJ),1,1.58,2015,186,2015-01-01,472913.9
São Paulo (SP),1,1.47,2015,186,2015-01-01,472913.9
Porto Alegre (RS),1,1.19,2015,186,2015-01-01,472913.9
Brasil,1,1.24,2015,186,2015-01-01,472913.9
Recife (PE),2,1.55,2015,187,2015-02-01,460156.7
Salvador (BA),2,1.67,2015,187,2015-02-01,460156.7
Belo Horizonte (MG),2,1.1,2015,187,2015-02-01,460156.7
Rio de Janeiro (RJ),2,1.21,2015,187,2015-02-01,460156.7
São Paulo (SP),2,1.26,2015,187,2015-02-01,460156.7
Porto Alegre (RS),2,1.13,2015,187,2015-02-01,460156.7
Brasil,2,1.22,2015,187,2015-02-01,460156.7
Recife (PE),3,0.5,2015,188,2015-03-01,501752.2
Salvador (BA),3,0.79,2015,188,2015-03-01,501752.2
Belo Horizonte (MG),3,1.47,2015,188,2015-03-01,501752.2
Rio de Janeiro (RJ),3,1.28,2015,188,2015-03-01,501752.2
São Paulo (SP),3,1.27,2015,188,2015-03-01,501752.2
Porto Alegre (RS),3,1.69,2015,188,2015-03-01,501752.2
Brasil,3,1.32,2015,188,2015-03-01,501752.2
Recife (PE),4,0.74,2015,189,2015-04-01,486614.6
Salvador (BA),4,0.5,2015,189,2015-04-01,486614.6
Belo Horizonte (MG),4,0.67,2015,189,2015-04-01,486614.6
Rio de Janeiro (RJ),4,0.78,2015,189,2015-04-01,486614.6
São Paulo (SP),4,0.56,2015,189,2015-04-01,486614.6
Porto Alegre (RS),4,0.54,2015,189,2015-04-01,486614.6
Brasil,4,0.71,2015,189,2015-04-01,486614.6
Recife (PE),5,1.42,2015,190,2015-05-01,483239.7
Salvador (BA),5,0.76,2015,190,2015-05-01,483239.7
Belo Horizonte (MG),5,0.76,2015,190,2015-05-01,483239.7
Rio de Janeiro (RJ),5,0.32,2015,190,2015-05-01,483239.7
São Paulo (SP),5,0.73,2015,190,2015-05-01,483239.7
Porto Alegre (RS),5,0.98,2015,190,2015-05-01,483239.7
Brasil,5,0.74,2015,190,2015-05-01,483239.7
Recife (PE),6,1.08,2015,191,2015-06-01,486647.5
Salvador (BA),6,1.13,2015,191,2015-06-01,486647.5
Belo Horizonte (MG),6,0.85,2015,191,2015-06-01,486647.5
Rio de Janeiro (RJ),6,0.72,2015,191,2015-06-01,486647.5
São Paulo (SP),6,0.84,2015,191,2015-06-01,486647.5
Porto Alegre (RS),6,0.88,2015,191,2015-06-01,486647.5
Brasil,6,0.79,2015,191,2015-06-01,486647.5
Recife (PE),7,0.88,2015,192,2015-07-01,502275.2
Salvador (BA),7,0.46,2015,192,2015-07-01,502275.2
Belo Horizonte (MG),7,0.72,2015,192,2015-07-01,502275.2
Rio de Janeiro (RJ),7,0.56,2015,192,2015-07-01,502275.2
São Paulo (SP),7,0.82,2015,192,2015-07-01,502275.2
Porto Alegre (RS),7,0.95,2015,192,2015-07-01,502275.2
Brasil,7,0.62,2015,192,2015-07-01,502275.2
Recife (PE),8,0.39,2015,193,2015-08-01,492505.7
Salvador (BA),8,0.61,2015,193,2015-08-01,492505.7
Belo Horizonte (MG),8,0.06,2015,193,2015-08-01,492505.7
Rio de Janeiro (RJ),8,0.04,2015,193,2015-08-01,492505.7
São Paulo (SP),8,0.28,2015,193,2015-08-01,492505.7
Porto Alegre (RS),8,0.33,2015,193,2015-08-01,492505.7
Brasil,8,0.22,2015,193,2015-08-01,492505.7
Recife (PE),9,0.29,2015,194,2015-09-01,496004.7
Salvador (BA),9,0.37,2015,194,2015-09-01,496004.7
Belo Horizonte (MG),9,0.44,2015,194,2015-09-01,496004.7
Rio de Janeiro (RJ),9,0.55,2015,194,2015-09-01,496004.7
São Paulo (SP),9,0.76,2015,194,2015-09-01,496004.7
Porto Alegre (RS),9,0.54,2015,194,2015-09-01,496004.7
Brasil,9,0.54,2015,194,2015-09-01,496004.7
Recife (PE),10,0.82,2015,195,2015-10-01,518828.9
Salvador (BA),10,0.58,2015,195,2015-10-01,518828.9
Belo Horizonte (MG),10,0.57,2015,195,2015-10-01,518828.9
Rio de Janeiro (RJ),10,0.6,2015,195,2015-10-01,518828.9
São Paulo (SP),10,0.95,2015,195,2015-10-01,518828.9
Porto Alegre (RS),10,0.65,2015,195,2015-10-01,518828.9
Brasil,10,0.82,2015,195,2015-10-01,518828.9
Recife (PE),11,0.72,2015,196,2015-11-01,513819.8
Salvador (BA),11,1.05,2015,196,2015-11-01,513819.8
Belo Horizonte (MG),11,0.77,2015,196,2015-11-01,513819.8
Rio de Janeiro (RJ),11,1.2,2015,196,2015-11-01,513819.8
São Paulo (SP),11,0.82,2015,196,2015-11-01,513819.8
Porto Alegre (RS),11,0.95,2015,196,2015-11-01,513819.8
Brasil,11,1.01,2015,196,2015-11-01,513819.8
Recife (PE),12,0.87,2015,197,2015-12-01,521918.7
Salvador (BA),12,0.83,2015,197,2015-12-01,521918.7
Belo Horizonte (MG),12,0.52,2015,197,2015-12-01,521918.7
Rio de Janeiro (RJ),12,1.22,2015,197,2015-12-01,521918.7
São Paulo (SP),12,0.82,2015,197,2015-12-01,521918.7
Porto Alegre (RS),12,0.84,2015,197,2015-12-01,521918.7
Brasil,12,0.96,2015,197,2015-12-01,521918.7
Recife (PE),1,1.16,2016,198,2016-01-01,490284
Salvador (BA),1,1.43,2016,198,2016-01-01,490284
Belo Horizonte (MG),1,1.02,2016,198,2016-01-01,490284
Rio de Janeiro (RJ),1,1.66,2016,198,2016-01-01,490284
São Paulo (SP),1,1.06,2016,198,2016-01-01,490284
Porto Alegre (RS),1,1.58,2016,198,2016-01-01,490284
Brasil,1,1.27,2016,198,2016-01-01,490284
Recife (PE),2,1.19,2016,199,2016-02-01,491011.7
Salvador (BA),2,1.41,2016,199,2016-02-01,491011.7
Belo Horizonte (MG),2,0.99,2016,199,2016-02-01,491011.7
Rio de Janeiro (RJ),2,0.75,2016,199,2016-02-01,491011.7
São Paulo (SP),2,0.84,2016,199,2016-02-01,491011.7
Porto Alegre (RS),2,0.96,2016,199,2016-02-01,491011.7
Brasil,2,0.9,2016,199,2016-02-01,491011.7
Recife (PE),3,-0.07,2016,200,2016-03-01,516985.9
Salvador (BA),3,-0.22,2016,200,2016-03-01,516985.9
Belo Horizonte (MG),3,0.47,2016,200,2016-03-01,516985.9
Rio de Janeiro (RJ),3,0.22,2016,200,2016-03-01,516985.9
São Paulo (SP),3,0.52,2016,200,2016-03-01,516985.9
Porto Alegre (RS),3,0.53,2016,200,2016-03-01,516985.9
Brasil,3,0.43,2016,200,2016-03-01,516985.9
Recife (PE),4,0.65,2016,201,2016-04-01,508058.7
Salvador (BA),4,0.61,2016,201,2016-04-01,508058.7
Belo Horizonte (MG),4,0.73,2016,201,2016-04-01,508058.7
Rio de Janeiro (RJ),4,0.6,2016,201,2016-04-01,508058.7
São Paulo (SP),4,0.35,2016,201,2016-04-01,508058.7
Porto Alegre (RS),4,0.9,2016,201,2016-04-01,508058.7
Brasil,4,0.61,2016,201,2016-04-01,508058.7
Recife (PE),5,0.86,2016,202,2016-05-01,513267.5
Salvador (BA),5,0.87,2016,202,2016-05-01,513267.5
Belo Horizonte (MG),5,0.84,2016,202,2016-05-01,513267.5
Rio de Janeiro (RJ),5,0.57,2016,202,2016-05-01,513267.5
São Paulo (SP),5,0.96,2016,202,2016-05-01,513267.5
Porto Alegre (RS),5,0.94,2016,202,2016-05-01,513267.5
Brasil,5,0.78,2016,202,2016-05-01,513267.5
Recife (PE),6,0.48,2016,203,2016-06-01,536459.3
Salvador (BA),6,0.54,2016,203,2016-06-01,536459.3
Belo Horizonte (MG),6,0.8,2016,203,2016-06-01,536459.3
Rio de Janeiro (RJ),6,0.45,2016,203,2016-06-01,536459.3
São Paulo (SP),6,0.45,2016,203,2016-06-01,536459.3
Porto Alegre (RS),6,0.14,2016,203,2016-06-01,536459.3
Brasil,6,0.35,2016,203,2016-06-01,536459.3
Recife (PE),7,0.95,2016,204,2016-07-01,532947.8
Salvador (BA),7,1.07,2016,204,2016-07-01,532947.8
Belo Horizonte (MG),7,0.72,2016,204,2016-07-01,532947.8
Rio de Janeiro (RJ),7,0.61,2016,204,2016-07-01,532947.8
São Paulo (SP),7,0.36,2016,204,2016-07-01,532947.8
Porto Alegre (RS),7,0.68,2016,204,2016-07-01,532947.8
Brasil,7,0.52,2016,204,2016-07-01,532947.8
Recife (PE),8,0.07,2016,205,2016-08-01,534761.8
Salvador (BA),8,0.23,2016,205,2016-08-01,534761.8
Belo Horizonte (MG),8,0.3,2016,205,2016-08-01,534761.8
Rio de Janeiro (RJ),8,1.06,2016,205,2016-08-01,534761.8
São Paulo (SP),8,0.59,2016,205,2016-08-01,534761.8
Porto Alegre (RS),8,0.47,2016,205,2016-08-01,534761.8
Brasil,8,0.44,2016,205,2016-08-01,534761.8
Recife (PE),9,0.5,2016,206,2016-09-01,509975
Salvador (BA),9,0.12,2016,206,2016-09-01,509975
Belo Horizonte (MG),9,-0.01,2016,206,2016-09-01,509975
Rio de Janeiro (RJ),9,-0.1,2016,206,2016-09-01,509975
São Paulo (SP),9,0.1,2016,206,2016-09-01,509975
Porto Alegre (RS),9,0.18,2016,206,2016-09-01,509975
Brasil,9,0.08,2016,206,2016-09-01,509975
Recife (PE),10,0.29,2016,207,2016-10-01,525162.7
Salvador (BA),10,0.46,2016,207,2016-10-01,525162.7
Belo Horizonte (MG),10,0.29,2016,207,2016-10-01,525162.7
Rio de Janeiro (RJ),10,0.18,2016,207,2016-10-01,525162.7
São Paulo (SP),10,0.22,2016,207,2016-10-01,525162.7
Porto Alegre (RS),10,0.17,2016,207,2016-10-01,525162.7
Brasil,10,0.26,2016,207,2016-10-01,525162.7
Recife (PE),11,0.5,2016,208,2016-11-01,541530.7
Salvador (BA),11,-0.21,2016,208,2016-11-01,541530.7
Belo Horizonte (MG),11,0.08,2016,208,2016-11-01,541530.7
Rio de Janeiro (RJ),11,0,2016,208,2016-11-01,541530.7
São Paulo (SP),11,0.2,2016,208,2016-11-01,541530.7
Porto Alegre (RS),11,0.24,2016,208,2016-11-01,541530.7
Brasil,11,0.18,2016,208,2016-11-01,541530.7
Recife (PE),12,0.31,2016,209,2016-12-01,565780.5
Salvador (BA),12,0.22,2016,209,2016-12-01,565780.5
Belo Horizonte (MG),12,0.18,2016,209,2016-12-01,565780.5
Rio de Janeiro (RJ),12,0.16,2016,209,2016-12-01,565780.5
São Paulo (SP),12,0.33,2016,209,2016-12-01,565780.5
Porto Alegre (RS),12,-0.05,2016,209,2016-12-01,565780.5
Brasil,12,0.3,2016,209,2016-12-01,565780.5
Recife (PE),1,0.2,2017,210,2017-01-01,526564.7
Salvador (BA),1,0.48,2017,210,2017-01-01,526564.7
Belo Horizonte (MG),1,0.52,2017,210,2017-01-01,526564.7
Rio de Janeiro (RJ),1,0.28,2017,210,2017-01-01,526564.7
São Paulo (SP),1,0.19,2017,210,2017-01-01,526564.7
Porto Alegre (RS),1,0.18,2017,210,2017-01-01,526564.7
Brasil,1,0.38,2017,210,2017-01-01,526564.7
Recife (PE),2,0.19,2017,211,2017-02-01,514120.5
Salvador (BA),2,0.54,2017,211,2017-02-01,514120.5
Belo Horizonte (MG),2,0.37,2017,211,2017-02-01,514120.5
Rio de Janeiro (RJ),2,0.74,2017,211,2017-02-01,514120.5
São Paulo (SP),2,0.29,2017,211,2017-02-01,514120.5
Porto Alegre (RS),2,0.24,2017,211,2017-02-01,514120.5
Brasil,2,0.33,2017,211,2017-02-01,514120.5
Recife (PE),3,0.5,2017,212,2017-03-01,544312.9
Salvador (BA),3,0.01,2017,212,2017-03-01,544312.9
Belo Horizonte (MG),3,-0.06,2017,212,2017-03-01,544312.9
Rio de Janeiro (RJ),3,0.34,2017,212,2017-03-01,544312.9
São Paulo (SP),3,0.27,2017,212,2017-03-01,544312.9
Porto Alegre (RS),3,0.12,2017,212,2017-03-01,544312.9
Brasil,3,0.25,2017,212,2017-03-01,544312.9
Recife (PE),4,0.43,2017,213,2017-04-01,525238.1
Salvador (BA),4,-0.23,2017,213,2017-04-01,525238.1
Belo Horizonte (MG),4,-0.06,2017,213,2017-04-01,525238.1
Rio de Janeiro (RJ),4,0.34,2017,213,2017-04-01,525238.1
São Paulo (SP),4,0.13,2017,213,2017-04-01,525238.1
Porto Alegre (RS),4,0.2,2017,213,2017-04-01,525238.1
Brasil,4,0.14,2017,213,2017-04-01,525238.1
Recife (PE),5,0.7,2017,214,2017-05-01,548887.7
Salvador (BA),5,0.39,2017,214,2017-05-01,548887.7
Belo Horizonte (MG),5,0.27,2017,214,2017-05-01,548887.7
Rio de Janeiro (RJ),5,0.23,2017,214,2017-05-01,548887.7
São Paulo (SP),5,0.4,2017,214,2017-05-01,548887.7
Porto Alegre (RS),5,0.56,2017,214,2017-05-01,548887.7
Brasil,5,0.31,2017,214,2017-05-01,548887.7
Recife (PE),6,0.04,2017,215,2017-06-01,556787.6
Salvador (BA),6,0.08,2017,215,2017-06-01,556787.6
Belo Horizonte (MG),6,-0.36,2017,215,2017-06-01,556787.6
Rio de Janeiro (RJ),6,-0.02,2017,215,2017-06-01,556787.6
São Paulo (SP),6,-0.27,2017,215,2017-06-01,556787.6
Porto Alegre (RS),6,0.04,2017,215,2017-06-01,556787.6
Brasil,6,-0.23,2017,215,2017-06-01,556787.6
Recife (PE),7,0.41,2017,216,2017-07-01,557458.2
Salvador (BA),7,0.43,2017,216,2017-07-01,557458.2
Belo Horizonte (MG),7,0.35,2017,216,2017-07-01,557458.2
Rio de Janeiro (RJ),7,0.03,2017,216,2017-07-01,557458.2
São Paulo (SP),7,0.4,2017,216,2017-07-01,557458.2
Porto Alegre (RS),7,-0.04,2017,216,2017-07-01,557458.2
Brasil,7,0.24,2017,216,2017-07-01,557458.2
Recife (PE),8,0.32,2017,217,2017-08-01,555578.7
Salvador (BA),8,0.06,2017,217,2017-08-01,555578.7
Belo Horizonte (MG),8,0.29,2017,217,2017-08-01,555578.7
Rio de Janeiro (RJ),8,0.07,2017,217,2017-08-01,555578.7
São Paulo (SP),8,0.32,2017,217,2017-08-01,555578.7
Porto Alegre (RS),8,0.26,2017,217,2017-08-01,555578.7
Brasil,8,0.19,2017,217,2017-08-01,555578.7
Recife (PE),9,-0.16,2017,218,2017-09-01,528331
Salvador (BA),9,0.31,2017,218,2017-09-01,528331
Belo Horizonte (MG),9,0.25,2017,218,2017-09-01,528331
Rio de Janeiro (RJ),9,0.18,2017,218,2017-09-01,528331
São Paulo (SP),9,0.22,2017,218,2017-09-01,528331
Porto Alegre (RS),9,-0.01,2017,218,2017-09-01,528331
Brasil,9,0.16,2017,218,2017-09-01,528331
Recife (PE),10,0.11,2017,219,2017-10-01,548415.2
Salvador (BA),10,0.45,2017,219,2017-10-01,548415.2
Belo Horizonte (MG),10,0.3,2017,219,2017-10-01,548415.2
Rio de Janeiro (RJ),10,0.12,2017,219,2017-10-01,548415.2
São Paulo (SP),10,0.48,2017,219,2017-10-01,548415.2
Porto Alegre (RS),10,0.24,2017,219,2017-10-01,548415.2
Brasil,10,0.42,2017,219,2017-10-01,548415.2
Recife (PE),11,0.18,2017,220,2017-11-01,565690.2
Salvador (BA),11,-0.39,2017,220,2017-11-01,565690.2
Belo Horizonte (MG),11,-0.15,2017,220,2017-11-01,565690.2
Rio de Janeiro (RJ),11,0.22,2017,220,2017-11-01,565690.2
São Paulo (SP),11,0.53,2017,220,2017-11-01,565690.2
Porto Alegre (RS),11,0.43,2017,220,2017-11-01,565690.2
Brasil,11,0.28,2017,220,2017-11-01,565690.2
Recife (PE),12,0.33,2017,221,2017-12-01,588487.8
Salvador (BA),12,0,2017,221,2017-12-01,588487.8
Belo Horizonte (MG),12,0.28,2017,221,2017-12-01,588487.8
Rio de Janeiro (RJ),12,0.46,2017,221,2017-12-01,588487.8
São Paulo (SP),12,0.61,2017,221,2017-12-01,588487.8
Porto Alegre (RS),12,0.27,2017,221,2017-12-01,588487.8
Brasil,12,0.44,2017,221,2017-12-01,588487.8
Recife (PE),1,-0.09,2018,222,2018-01-01,553908.3
Salvador (BA),1,0.15,2018,222,2018-01-01,553908.3
Belo Horizonte (MG),1,0.24,2018,222,2018-01-01,553908.3
Rio de Janeiro (RJ),1,0.29,2018,222,2018-01-01,553908.3
São Paulo (SP),1,0.17,2018,222,2018-01-01,553908.3
Porto Alegre (RS),1,0.68,2018,222,2018-01-01,553908.3
Brasil,1,0.29,2018,222,2018-01-01,553908.3
Recife (PE),2,0.21,2018,223,2018-02-01,529254.2
Salvador (BA),2,0.53,2018,223,2018-02-01,529254.2
Belo Horizonte (MG),2,0.34,2018,223,2018-02-01,529254.2
Rio de Janeiro (RJ),2,0.78,2018,223,2018-02-01,529254.2
São Paulo (SP),2,0.32,2018,223,2018-02-01,529254.2
Porto Alegre (RS),2,0.11,2018,223,2018-02-01,529254.2
Brasil,2,0.32,2018,223,2018-02-01,529254.2
Recife (PE),3,-0.34,2018,224,2018-03-01,557947.7
Salvador (BA),3,-0.3,2018,224,2018-03-01,557947.7
Belo Horizonte (MG),3,0.21,2018,224,2018-03-01,557947.7
Rio de Janeiro (RJ),3,0.08,2018,224,2018-03-01,557947.7
São Paulo (SP),3,0.17,2018,224,2018-03-01,557947.7
Porto Alegre (RS),3,-0.03,2018,224,2018-03-01,557947.7
Brasil,3,0.09,2018,224,2018-03-01,557947.7
Recife (PE),4,0.29,2018,225,2018-04-01,560808.6
Salvador (BA),4,0.34,2018,225,2018-04-01,560808.6
Belo Horizonte (MG),4,0.23,2018,225,2018-04-01,560808.6
Rio de Janeiro (RJ),4,0.29,2018,225,2018-04-01,560808.6
São Paulo (SP),4,0.08,2018,225,2018-04-01,560808.6
Porto Alegre (RS),4,0.36,2018,225,2018-04-01,560808.6
Brasil,4,0.22,2018,225,2018-04-01,560808.6
Recife (PE),5,0.7,2018,226,2018-05-01,548104.3
Salvador (BA),5,1.11,2018,226,2018-05-01,548104.3
Belo Horizonte (MG),5,0.23,2018,226,2018-05-01,548104.3
Rio de Janeiro (RJ),5,0.24,2018,226,2018-05-01,548104.3
São Paulo (SP),5,0.22,2018,226,2018-05-01,548104.3
Porto Alegre (RS),5,0.83,2018,226,2018-05-01,548104.3
Brasil,5,0.4,2018,226,2018-05-01,548104.3
Recife (PE),6,1.55,2018,227,2018-06-01,584356.3
Salvador (BA),6,1,2018,227,2018-06-01,584356.3
Belo Horizonte (MG),6,1.96,2018,227,2018-06-01,584356.3
Rio de Janeiro (RJ),6,1.28,2018,227,2018-06-01,584356.3
São Paulo (SP),6,1.14,2018,227,2018-06-01,584356.3
Porto Alegre (RS),6,1.73,2018,227,2018-06-01,584356.3
Brasil,6,1.26,2018,227,2018-06-01,584356.3
Recife (PE),7,0.1,2018,228,2018-07-01,596487.7
Salvador (BA),7,0.38,2018,228,2018-07-01,596487.7
Belo Horizonte (MG),7,0.23,2018,228,2018-07-01,596487.7
Rio de Janeiro (RJ),7,0.69,2018,228,2018-07-01,596487.7
São Paulo (SP),7,0.64,2018,228,2018-07-01,596487.7
Porto Alegre (RS),7,0.13,2018,228,2018-07-01,596487.7
Brasil,7,0.33,2018,228,2018-07-01,596487.7
Recife (PE),8,0.04,2018,229,2018-08-01,593887.4
Salvador (BA),8,-0.17,2018,229,2018-08-01,593887.4
Belo Horizonte (MG),8,0.01,2018,229,2018-08-01,593887.4
Rio de Janeiro (RJ),8,-0.33,2018,229,2018-08-01,593887.4
São Paulo (SP),8,0.16,2018,229,2018-08-01,593887.4
Porto Alegre (RS),8,-0.02,2018,229,2018-08-01,593887.4
Brasil,8,-0.09,2018,229,2018-08-01,593887.4
Recife (PE),9,0.25,2018,230,2018-09-01,567759.9
Salvador (BA),9,0.42,2018,230,2018-09-01,567759.9
Belo Horizonte (MG),9,0.3,2018,230,2018-09-01,567759.9
Rio de Janeiro (RJ),9,0.42,2018,230,2018-09-01,567759.9
São Paulo (SP),9,0.65,2018,230,2018-09-01,567759.9
Porto Alegre (RS),9,0.5,2018,230,2018-09-01,567759.9
Brasil,9,0.48,2018,230,2018-09-01,567759.9
Recife (PE),10,0.21,2018,231,2018-10-01,592938.2
Salvador (BA),10,0.46,2018,231,2018-10-01,592938.2
Belo Horizonte (MG),10,0.37,2018,231,2018-10-01,592938.2
Rio de Janeiro (RJ),10,0.22,2018,231,2018-10-01,592938.2
São Paulo (SP),10,0.39,2018,231,2018-10-01,592938.2
Porto Alegre (RS),10,0.58,2018,231,2018-10-01,592938.2
Brasil,10,0.45,2018,231,2018-10-01,592938.2
Recife (PE),11,-0.18,2018,232,2018-11-01,
Salvador (BA),11,-0.42,2018,232,2018-11-01,
Belo Horizonte (MG),11,-0.15,2018,232,2018-11-01,
Rio de Janeiro (RJ),11,-0.05,2018,232,2018-11-01,
São Paulo (SP),11,-0.34,2018,232,2018-11-01,
Porto Alegre (RS),11,-0.58,2018,232,2018-11-01,
Brasil,11,-0.21,2018,232,2018-11-01,
